이수연님이 뀨영님, 뀨영님, 갱지니님을 초대하였습니다.
이수연,챠
이수연,준비해야될 시간이
이수연,왔어요
뀨영,ㅠㅠㅋㅋㅋㅋㅋㅋㅋㅋ 
뀨영,ㄹㅇ 
뀨영,믿고싶징낳네
이수연,ㅋㅋㅋㅋㅋㅋㅋㅋㅋㅋㅋㅋㅋㅋ
이수연,ㄹㅇ 다가왔어요~!~!
갱지니,흐에....
이수연,ㅋㅋㅋㅋㅋㅋㅋㅋㅋㅋㅋㅋ
이수연,일단 인원 최소 넷은 잡아야될거같으니까...
갱지니,그치...!@
이수연,후보군 추려보자
이수연,경진이 연락해봣뉴
갱지니,지호오빠??
이수연,엉엉
갱지니,아직 물어보지는 않았오!!
갱지니,ㅋㅋㅋㅋㅋㅋㅋㅋ
이수연,앟
이수연,옼옼
이수연,나 일단
이수연,물어보고올게
갱지니,??누구??
이수연,종찬오빠
갱지니,앜ㅋㅋㅋㅋㅋ
이수연,ㅋㅋㅋㅋㅋㅋㅋㅋㅋㅋㅋㅋㅋㅋㅋㅋ
갱지니,나도 일단 물어보고 올게!
이수연,승현이랑
이수연,소명이랑
갱지니,앜ㅋㅋㅋㅋㅋㅋㅋㅋㅋ
이수연,할 생각 있으려나?
갱지니,최대 몇명이지??
이수연,다섯?
이수연,일걸?
갱지니,일단 공경대 나갈 생각 있는지만 물어볼까??
이수연,응응
이수연,일단
이수연,종찬오빠 물어봄
갱지니,나도 지호오빠 물어봄!
뀨영,하고싶어하셨으면 좋겠다 ㅠㅠㅋㅋㅋㅋ
뀨영,나는 주제라도 생각하고있을게...
갱지니,진짜...
갱지니,주제가 막막하다...
이수연,라즈베리파이나
이수연,아두이노까지
이수연,생각해봐야되나...
갱지니,라즈베리랑 아두이노 진짜 기억 안나겠다ㅋㅋㅋㅋㅋㅋ
이수연,ㅋㅋㅋㅋㅋㅋㅋㅋㅋㅋ 그치
갱지니,우리 지도교수님도 생각해야되ㅋㅋㅋㅋ
이수연,악
이수연,맞지
이수연,ㅎㅎㅎㅎ
뀨영,아 ㄹㅇ 교수님도 어렵다
뀨영,공경진 4학년도 많이 나가나..?
뀨영,모바일쪽으로 하는거면
뀨영,모바일트랙 교수님이랑 하는게 괜찮지않을까
갱지니,웅웅 나도 일단 모바일 아니면 웹쪽 교수님이 낫지 않을까 생각중
뀨영,오오 좋아
이수연,종찬오빠는 연구실 사람들이랑 할거같댕
갱지니,호에 연구실....!
갱지니,일단 공경진 지도교수님 자주 보는게
갱지니,황기태 교수님
갱지니,김남윤 교수님
갱지니,황호영 교수님?
갱지니,또 누구 계시지
뀨영,아 안하시는 교수님도 계셔 ??
뀨영,저번에 
뀨영,이재문교수님도 괜찮다고 들었던거같은데
갱지니,글쎄?? 보통 특정교수님들로 몰리지 않나??
뀨영,아아 하긴 
갱지니,지호오빠 생각중인데 같이할사람 구해야되기도 해서 고민중이래!!
뀨영,오 그러면 
뀨영,같이하자고 섣불리 
뀨영,말씀드려보자
갱지니,ㅋㅋㅋㅋㅋㅋㅋㅋㅋ
이수연,빨리
갱지니,일단 우리 세명인데 같이할건지 물어봐볼게ㅋㅋㅋㅋ
이수연,납치해오자
이수연,ㅋㅋㅋㅋㅋㅋㅋㅋㅋㅋㅋㅋ
갱지니,사진
뀨영,캡스톤디자인거 보고있는데
갱지니,ㅋㅋㅋㅋㅋㅋㅋㅋㅋ
뀨영,김성동교수님도 
뀨영,꽤 많이 이름보임
뀨영,조아 
이수연,김성동교수님이
이수연,프언?
뀨영,오셨으면 좋겠다 
뀨영,ㅠㅠ
뀨영,ㅇㅇㅇㅇ
이수연,각자 트랙 지도교수님이
이수연,어떻게 되누
이수연,모바일
이수연,나 황기태 교수님
뀨영,나...엄종석교수님 ^^....
이수연,ㅓ..?
이수연,엄종석교수님,,,
뀨영,빅데이터하면.... 엄교수님 쌉가능
이수연,왜 빅데아냐,,,?
이수연,ㅋㅋㅋㅋㅋㅋㅋㅋㅋㅋㅋㅋㅋ
뀨영,ㄱㄴㄲ
뀨영,나 모바일교수님이 아님
뀨영,이상하게
뀨영,아 원래그런가
뀨영,너 빅데이터트랙아님?
이수연,ㅇㅇ
이수연,모바일 지도교수님
이수연,물어본겨
이수연,ㅋㅋㅋㅋㅋㅋㅋㅋㅋ
뀨영,아 그게 
뀨영,따로 있었지 
이수연,엉엉
갱지니,난 모바일 황기태 교수님
갱지니,웹 cbs....
이수연,아앗,,
뀨영,나는 
뀨영,장재영교수님이당
뀨영,두분 다 빅데이터아님?
뀨영,띠용;
이수연,ㅋㅋㅋㅋㅋㅋㅋㅋ
갱지니,앜ㅋㅋㅋㅋㅋㅋ
이수연,모야
이수연,왜 장재영겨수님이
이수연,거기계셔
이수연,ㅋㅋㅋㅋㅋㅋㅋㅋㅋㅋㅋㅋㅋㅋㅋㅋㅋㅋㅋ
갱지니,얘드라
뀨영,아니 나 모바일이
뀨영,엄교수님임
뀨영,ㅋㅋㅋㅋㅋㅋㅋㅋㅋㅋㅋㅋㅋㅋㅋ
이수연,옹?
갱지니,오빠가
이수연,엌ㅋㅋㅋㅋㅋㅋ 당황스럽누
이수연,넹
갱지니,다른 애들이 불편하지 않을까??
갱지니,라는데???
이수연,ㄴ
갱지니,그렇니??
뀨영,왕환영
이수연,ㅋㅋㅋㅋㅋㅋㅋㅋㅋㅋ
이수연,안불편
이수연,진짜
이수연,단호하게
이수연,안불편하다고
이수연,말씀드릴 수 있음
이수연,^0^
뀨영,인정
이수연,ㅋㅋㅋㅋㅋㅋㅋㅋㅋㅋㅋ
뀨영,이모티콘
뀨영,이거라구
이수연,이모티콘
이수연,이모습
이수연,삽가능
이수연,저기 위에탄 햄찌가
이수연,지호님인거지
뀨영,ㅋㅋㅋㅋㅋㅋㅋㅋㅋㅋㅋ개웃기네 
이수연,지호분,,?
이수연,지호님,,?
갱지니,앜ㅋㅋㅋㅋㅋㅋㅋㅋㅋㅋ
이수연,몰라 안친해서
이수연,여튼
이수연,ㅋㅋㅋㅋㅋㅋㅋㅋㅋㅋ
갱지니,사이다 먹다가 뿜을뻔...
이수연,ㅋㅋㅋㅋㅋㅋㅋㅋ
이수연,데헷
이수연,납치당해주세요
이수연,얼른
갱지니,ㅋㅋㅋㅋㅋㅋㅋㅋㅋㅋㅋ
갱지니,오빠가 환영해주면 고맙다고 같이할수있으면 열심히한대!
갱지니,ㅋㅋㅋㅋㅋㅋㅋㅋㅋ
이수연,와아아아ㅏㅇ
이수연,당장
이수연,들어오세요
뀨영,당근 환영
갱지니,같이하자고 하고
갱지니,여기로 초대할겡!!
이수연,응!
뀨영,웅~~
민경진님이 최교수님을 초대하였습니다.
갱지니,이모티콘
뀨영,와 안녕하세용~~
최교수,안녕하세요!! 이번에 공경대 같이 하게 된 최지호입니다 잘 부탁드릴게요!ㅎㅎ
이수연,와앙
이수연,반가워용! 저는 이수연임니다 18학번이구오
이수연,잘부탁드려욤
최교수,넵! 저는 16학번이고 3학년입니다!
뀨영,저는 이규영입니다 저도 18학번이에요!
이수연,이모티콘
갱지니,파일: 제16회 한성공학경진대회 참가신청서 및 개인정보 수집이용 및 제공 동의서.hwp
갱지니,파일: 작품 및 논문 개요양식 SAMPLE.hwp
갱지니,파일: 작품 및 논문 개요 공지내용.hwp
이수연,쀼
이수연,아 그러고 보니 지호,,님(?)
이수연,트랙이 어떻게 되시나욤
최교수,저는 웹이랑 빅데이터 입니다!!!
이수연,오
이수연,조타조타
갱지니,주제 정하기
팀장 정하기
지도교수님 정하기
이수연,훔
뀨영,나는 일단 팀장은.... pass~
이수연,주제 정하고 그 주제 베이스되는 트랙 교수님으로 선택하면 될거같지?
뀨영,웅웅 
이수연,난 상관없졍
이수연,어차피 우리팀은^^ 다들 잘 할거야^^
뀨영,ㅋㅋㅋㅋㅋㅋㅋㅋㅋㅋㅋ 
이수연,ㅋㅋㅋㅋㅋㅋㅋㅋㅋㅋ 헿
이수연,믿는다,,
최교수,ㅎㅎ 열심히 하겠습니다ㅋㅋㅋ
이수연,어 음
이수연,말씀을
이수연,편히해주시면 감사하겠사옵니다,,
이수연,허헣ㅎㅎㅎ
뀨영,아 맞네
뀨영,말편하게해주세용 ^0^
최교수,그럼 서로 편하게 할까요???
이수연,응!
이수연,후하후ㅏ 편--안
뀨영,ㅋㅋㅋㅋㅋㅋㅋㅋㅋㅋㅋㅋㅋㅋㅋ
갱지니,ㅋㅋㅋㅋㅋㅋㅋㅋㅋ
최교수,ㅋㅋㅋㅋㅋ
뀨영,좋아~~~ 
갱지니,와아아아
이수연,야쓰
이수연,이제
이수연,아이디어 있는 사람~!
갱지니,정-적
이수연,ㅎ
뀨영,ㅋㅋㅋㅋㅋㅋㅋㅋㅋㅋㅋㅋㅋㅋㅋㅋㅋㅋㅋ
이수연,이럴 줄 알았지 
이수연,ㅎㅎㅎㅎㅎ
이수연,ㅋㅋㅋㅋㅋㅋㅋㅋㅋㅋㅋㅋㅋㅋㅋ
뀨영,아냐 생각중인거야~~
이수연,ㅋㅋㅋㅋㅋㅋㅋㅋ 옼히이,,
최교수,ㅋㅋㅋㅋㅋ 머 만들고 싶은거 있어??
이수연,으음,,,,,,,,,,,,,,,,,
이수연,아니근데
이수연,이미 충분히 있는거라
이수연,딱히 메리트 없을거 같어
뀨영,맞아 그게 ㄹㅇ 어렵다
이수연,후,,
이수연,일단 생각나는 것들 다 좋으니까 여기다가 올려봅시당
뀨영,아 ㄹㅇ 어렵다
이수연,ㅋㅋㅋㅋㅋㅋㅋㅋㅋ
이수연,- 구름 이미지 분석해서 날씨 예측하기
이수연,- 체형 분석해서 위험성 높은 질병 알려주기
최교수,오! 그거 나쁘지 않은것 같아
뀨영,나두 좋을 것 같아
뀨영,일단은 계속 생각해볼게....
이수연,조아요~
최교수,나도 계속 생각 하고 있어...
최교수,떠오르지 않아서 문제지만.ㅎ
이수연,ㅋㅋㅋㅋㅋㅋㅋ 우리 모두 화이팅,,
이수연,ㅋㅋㅋㅋㅋㅋㅋㅋ
이수연,ㅇㅈ
갱지니,나도 일단 18년도 공경진 팜플렛 읽어가면서 생각중인데 어렵다..
이수연,진자 짱 쓸데 없는거 생각났는데
이수연,너무 하찮아서 1초만에 까먹어 버렸어
이수연,....
갱지니,ㅋㅋㅋㅋㅋㅋㅋㅋ
이수연,이거 이미 있는 기술인지 모르겠는데
이수연,-손으로 쓰면 문서화 해주기
이수연,같은 맥락으로
이수연,-그림 그리면 ppt 만들어 주기
이수연,ㅋㅋㅋㅋㅋㅋㅋㅋㅋㅋ
이수연,아 ppt는 이미 캡스톤에서 했다
갱지니,손글씨 문서화는 갠적으로 있으면 좋겠다 내가 쓸듯ㅋㅋㅋㅋㅋㅋ
이수연,ㅋㅋㅋㅋㅋㅋㅋㅋㅋㅋㅋㅋ
이수연,맞지
갱지니,맨날 에이포에 적어서 필기해놓은거 보관도 안되고...
갱지니,ㅋㅋㅋㅋㅋㅋㅋㅋㅋ
이수연,ㅋㅋㅋㅋㅋㅋㅋ 너무 공감하고,,
이수연,이건 친구한테서 주워온거
- 이미지 입력하면 비슷한 저작권 없는 이미지 가져오기
뀨영,오 좋은거같아
이수연,p.s. 웹사이트 과제할 때 이미지 찾는게 제일 오래걸렸어
이수연,래
갱지니,ㅋㅋㅋㅋㅋㅋㅋㅋㅋ
이수연,공경대 취지에 맞는지는 모르겠지만
갱지니,주변사람들한테서 뭔가 아이디어 얻는것도 나쁘지 않을듯
이수연,ㅋㅋㅋㅋㅋㅋㅋㅋ
최교수,ㅋㅋㅋㅋ 아이디어 뱅크다ㅎㅎ
최교수,좋은게 많이 나오네ㅋㅋㅋㅋ
이수연,ㅋㅋㅋㅋㅋㅋㅋㅋㅋㅋㅋㅋㅋㅋ
이수연,다들 분발하라구~!
이수연,- 구름 이미지 분석해서 날씨 예측하기
- 체형 분석해서 위험성 높은 질병 알려주기
-손으로 쓰면 문서화 해주기
- 이미지 입력하면 비슷한 저작권 없는 이미지 가져오기
뀨영,와 세상엔 너무 없는게 없음
이수연,ㅋㅋㅋㅋㅋㅋㅋㅋㅋㅋㅋㅋㅋㅋ
이수연,인정합니다
이수연,너무 많은게 있어,,
갱지니,이미 있을지는 모르지만 옷 같은거 살때 실제로 구매자한테 맞는지 안맞는지 확인해볼수 있는 기능같은것도 있나??
이수연,음?
뀨영,오 사이즈같은거?
이수연,그거 내가 어제 얘기했던고
이수연,그 뭐지
이수연,이미 있긴있는데
이수연,모바일이나 그런쪽으론 구현안되어있고
뀨영,오오
이수연,그거 있어
이수연,매장에서 거울 처럼
이수연,디스플레이로 볼 수 있는거
이수연,인쇼에서는 구현 안되어있듬
이수연,내가 어제 얘기했던거는 비슷한거긴한데 경지니가 얘기한거랑은 좀 다르겠다
이수연,오 17년도에 이미 나와있긴하네 앱으로도
이수연,상용화는 안됐고
뀨영,ㅋㅋㅋㅋㅋㅋㅋㅋㅋㅋ아니 무슨 없는게옶냐
뀨영,ㅠ
최교수,ㅋㅋㅋㅋ
최교수,생각 한거는 다 있네 ㅋㅋㅋ
이수연,사진
이수연,3.4
이수연,일만한 그래픽
뀨영,ㅋㅋㅋㅋㅋㅋㅋㅋㅋㅋㅋㅋ와 근데
뀨영,저정도로 구현하는것도
뀨영,빡셀듯
이수연,ㅇㅈㅇㅈ
이수연,일단 우리중에 그래픽,,
이수연,되는사람?
이수연,ㅋㅋㅋㅋㅋㅋㅋㅋㅋㅋ
이수연,일단 혹시 모르니까 넣어놓으까?
최교수,일단 넣자ㅋㅋㅋ
이수연,- 구름 이미지 분석해서 날씨 예측하기
- 체형 분석해서 위험성 높은 질병 알려주기
- 손으로 쓰면 문서화 해주기
- 이미지 입력하면 비슷한 저작권 없는 이미지 가져오기
- 옷 피팅 체험하기
이수연,살짝 쓸데없을거같은데
- 엘리베이터, 에스컬레이터 혼잡도 측정
뀨영,생각난거 던지고 가볼게...
뀨영,- 사람 인식해서 카페 콘센트 있는자리 몇자리 남았는지 알려주는거
최교수,-여러 사람의 스케줄 확인해서 만날수 있는시간 알려주고 사람들 거리 종합해서 장소 추천해주기
갱지니,일단은 생각나는거 막 던지고 갈게...
- 자세 인식해서 어느 정도 기준에서 삐뚤어진 자세?가 되면 알려주기
- 스케줄 분석해서 외출시에 날씨 정보 가지고 필요한 거 알려주기(예를들면 오늘은 비오니까 우산 챙기세요! 알림같은거?)
- 요즘에 코로나로 사람 많은데 피해다니니까 식당이나 카페같은데 공간이나 좌석대비 사람이 몇명이나 있는지 알려주기(갔다가 사람많으면 다른데 찾아보거나 왔다갔다 해야되니까...)
이수연,우리 신청하기 전에 얼굴 한 번 보고 친해지는게 오똘까
갱지니,찬성~~~
이수연,예에ㅔㅋㅋㅋㅋㅋㅋㅋ
최교수,나도 찬성!
최교수,언제 볼까??
이수연,hoxy 이번주에 안되는사람,,?
이수연,가 이번주가 그나마 시간이 날거같아서리,,
갱지니,난 이번주 하루빼고 학교나와ㅋㅋㅋㅋ
이수연,금요일 오후 5시~10시 알바라 그시간제외하고는 가능!
최교수,난 이번주 월화수 만가능할것 같은데ㅠ
이수연,난 화수 가능!
이수연,규영이만 나타나면 된다
뀨영,나 이번주는 월화 !
이수연,화요일 낙찰이네
뀨영,죠아
갱지니,조아~
이수연,우리 세시가 면접이라 끝나면 세시반?
이수연,다들 시간은 언제가 편해?
최교수,그럼 한 네시에 만날까??
최교수,여유 있게
이수연,일단 나랑 경진이는 가능!
이수연,규영이 시간~
뀨영,좋아!
이수연,오키오키 
이수연,장소는 오쪼죠
뀨영,학교 여나? 그라찌에같은곳
이수연,4시에는 닫지않나?
뀨영,아 정말? 그럼 뭐...
뀨영,학교주변 카페?
이수연,그럼일단 한입쪽에서 보는걸루?
최교수,난 괜찮아!
갱지니,나도!!
뀨영,ㅇㅋㅇㅋ~~
이수연,조아욤~~
최교수,우리 어디서 만나??
이수연,튜썸
이수연,!!
이수연,한입
이수연,투썸으로
뀨영,나 10분쯤에 도착할 것 같...아..........
이수연,ㅋㅋㅋㅋㅋ
뀨영,죄송합니다......
이수연,화긴
이수연,괜찮아
이수연,저 오빠도 늦는다그래쏘
이수연,^0^
뀨영,ㅋㅋㅋㅋㅋ 그나마 ... 다행이네
이수연,ㅋㅋㅋㅋㅋㅋㅋㅋㅋㅋㅋㅋ
이수연,ㅇㅃ ㅇㄷ?
최교수,나 지금 한입 도착 했어
최교수,빨리 갈게!
이수연,조아요
이수연,1층에서 음료 쥬뮨하구
이수연,올라가자
이수연,파일: 200707_회의.pdf
이수연,다덜 조심히 들어가세오~❗
갱지니,다들 수고했옹~~
갱지니,메일 답장오면 바로 알려줄게오!!
최교수,저는 도착 했어요~~ 다들 안전히 들어가세요!!
이수연,ㅋㅋㅋㅋㅋㅋㅋㅋㅋㅋㅋㅋㅋㅋㅋ
이수연,Hoxy 다시 거리감 느끼는거야?
이수연,ㅋㅋㅋㅋㅋㅋㅋㅋㅋ
최교수,ㅋㅋㅋㅋ 다들 존대 하길래ㅋㅋㅋㅋ 나도 했지ㅋㅋ
갱지니,ㅋㅋㅋㅋㅋㅋㅋㅋㅋ
이수연,ㅋㅋㅋㅋㅋㅋㅋㅋㅋㅋㅋㅋ 오 는 그저 말버릇일뿐
이수연,밥값 알려주시구오^0^
최교수,밥 8000원씩 보내주면 됩니당ㅎ
최교수,110-432-769708 (신한)
뀨영,보냈오~~~
이수연,222222
갱지니,나도!!
최교수,얍 확인 했어~
갱지니,일단 00:58에 교수님이 읽으신것 같은데 아직까지 답이 없으셔...ㅋㅋㅋ
이수연,...
이수연,까인걸까
이수연,아니면 고민중이신걸까..
뀨영,일단...일단은 기다려보자.....
최교수,교수님한테 읽씹 당할줄은 몰랐는데ㅋㅋㅋㅋ
이수연,ㅋㅋㅋㅋㅋㅋㅋㅋㅋㅋㅋㅋㅋㅋ
이수연,교수... 자니..? 보고싶어....
이수연,이모티콘
이수연,연락왔어?
갱지니,아직...ㅎ
이수연,ㅎ...
갱지니,큰일이네..ㅠ
갱지니,지금 답장오셨어!!!!!!!
갱지니,사진
뀨영,아 ㅠㅠ 아쉽다
이수연,ㅠㅠ
이수연,그럼ㅇ제
이수연,황호영교수님
갱지니,ㅠㅠㅠㅠ
갱지니,일단 강희중 교수님한테 답변 감사하다고 보낼께!
갱지니,황호영 교수님한테 지금 바로 보내는게 낫겠지??
이수연,늦은시간도 아니니까 바로 보내도 괜찮을거같은디
갱지니,내용은 그대로 9일 오후 6시까지로??
이수연,음
이수연,그래도 될거같아
이수연,아니다
이수연,아 만나뵈려면
이수연,이번주까지는 말씀 해 주ㅅ시는게 좋을거같으니까
이수연,금요일
갱지니,어차피 교수님 일찍 보시면 바로 답장해주실테니까
갱지니,일단은 그럼 10일 오후 6시 까지로 해서 보낼께!!
이수연,넴넴
뀨영,웅웅~~~
갱지니,사진
갱지니,황호영 교수님도 안되신대ㅠㅠ
최교수,아이고ㅠㅠㅠ
이수연,으음
이수연,김남윤교수님까지 해보자 일단
이수연,그리고 다른 교수님들도 생각해둬야되겠넹...
갱지니,눈뜨자마자 멍한상태로 확인했는데 잠이 확깼어..ㅎ
최교수,ㅋㅋㅋ 처음에 공부하려니 좋네요 까지 보고 아 됐구나 했는데 반전이 있네ㅋㅋㅋ
갱지니,방금 김남윤 교수님한테 메일 보냈오!
이수연,웅웅 고생해쏘
뀨영,제발 됐으면 좋겠다 ㅠㅠ
갱지니,아직 안읽으셨어..ㅠㅠ
갱지니,우리 큰일나따...
갱지니,사진
이수연,음 역시
이수연,우리 피뎊보고
이수연,다른교수님 찾자
이수연,김성동 황기태
갱지니,사진
이수연,이재문 교수님
이수연,이렇게 세 교수님중에 컨택해봤으면 싶은데
이수연,다들어땨?
갱지니,일단 그분들중에 하는게 나을듯
이수연,다음주로 넘어가면
이수연,시간 너무 촉박하니까
이수연,최대한 오늘안에 메일드려보고
갱지니,그래야지ㅠㅠ
갱지니,세분중 누구한테 먼저 물어볼까??
이수연,김성동 교수님 아직 메일 안드려봤었지?
이수연,별표에 동그라미 있으니까 일단 그분으로 해볼까
갱지니,그럴까??
이수연,일단 나는 찬성
갱지니,나머지 둘 어디갔어ㅋㅋㅋ
이수연,ㅋㅋㅋㅋㅋㅋㅋㅋㅋㅋㅋㅋㅋㅋㅋㅋㅋ
갱지니,이러다가 학교 교수님한테 메일 다 보내는거 아닌가 몰라
갱지니,ㅋㅋㅋㅋㅋㅋㅋㅋㅋㅋㅋ
이수연,ㅋㅋㅋㅋㅋㅋㅋㅋㅋㅋㅋㅋㅋ
이수연,나쁘지않아
이수연,갱지니 이름알리기
갱지니,일단 김성동 교수님한테 메일 보낼 준비는 끝났는데ㅋㅋㅋㅋㅋㅋ
이수연,으음
갱지니,이모티콘
갱지니,일단 보내야되나??
최교수,보내자ㅋㅋㅋㅋ
최교수,늦게 봤어ㅠㅠ
갱지니,ㅋㅋㅋㅋㅋㅋㅋ
갱지니,보내쏘!
최교수,김성동 교수님한테 메일 보냈어???
갱지니,응응
최교수,제발 이번에 됐으면 좋겧다ㅋㅋㅋㅋ
갱지니,4번째...
최교수,도전~~!
뀨영,앗 이제봤다 ㅠㅠ
뀨영,나도 김성동 이재문 교수님 메일드리면ㅈㅎㅎ을 것 같아!!
뀨영,경진이 고마워 ㅠㅠ 고생하네
이수연,이모티콘
최교수,맞아맞아ㅠ 정말 고마워!!
최교수,빛경진....
갱지니,이모티콘
갱지니,꺄아아아아아아
갱지니,교수님이 되신대!!!!!!!
갱지니,사진
이수연,헐헐헐
이수연,갸암나ㅣㅓ;미나엏ㅁ니ㅏㅇ허
이수연,저는 월요일 오후 5시 이후불가 화요일 가능 수요일 그냥 불가
갱지니,앜ㅋㅋㅋㅋㅋㅋㅋㅋㅋ
이수연,헿
갱지니,다들 가능한 시간을 말해주세염~~
이수연,면접 보다가
이수연,입 찢어질뻔 했잔어
이수연,ㅋㅋㅋㅋㅋㅋㅋㅋㅋㅋㅋㅋㅋㅋ
뀨영,헉 대박
뀨영,나는 낮시간대면
뀨영,월화수 다 가능해!
갱지니,난 면접보다가 진동와서 봤는데
갱지니,메일와있길래 설마 또 거절이려나...
이수연,꺄앙,,,
이수연,어 근데
이수연,지호오빠
이수연,근로아냐?
갱지니,이러고 봤다가 된다고 하셔서 와아아아 이랬다고ㅋㅋㅋㅋ
최교수,나 잠시 시간 내서 나갈수 있을거야
이수연,옹
갱지니,오옹
이수연,그럼 시간은 언제쯤?
최교수,완전 다행이다ㅋㅋㅋㅋ
최교수,정해서
최교수,정하면 내가 그때 시간 빼볼게
이수연,오키
이수연,아무래도 월요일에 빨리 뵙는게 좋겠지?
갱지니,그치??
이수연,후하후하
이수연,그럼 점심시간 이전..?
이수연,이후..?
뀨영,이후...?
뀨영,1시나 2시쯤...?
이수연,두시쯤..?
최교수,두시에 볼까??
이수연,난 조아
뀨영,나두 좋아
갱지니,그럼 월요일 두시에 가능하신지 물어볼께!!
최교수,좋아!!
이수연,요!
갱지니,13일(월) 오후2시 확정!!
이수연,이모티콘
갱지니,파일: 공학경진대회 사전 준비.pptx
갱지니,이고 수여니랑 나랑 같이 만들어봤는데!!
갱지니,보고 수정할 부분 있으면 말해줭ㅎㅎ
최교수,와.. 진짜 잘 만들었는데...
최교수,너무 고생했어..!!
뀨영,헐 좋은데????
뀨영,언제 이런걸 만들었대~~~
뀨영,이모티콘
이수연,이모티콘
이수연,내일 1시 50분쯤에 만나서 교수님한테 설명드릴거나 우리 작성할 거 어느정도 숙지하고 가는게 좋지않을까 싶은디
이수연,어때유?
갱지니,찬성~~
뀨영,좋아용~~~
이수연,그럼 1시 50분까지 그라찌에에서 볼가염
이수연,딱히 뭐 안마셔도 괜찮을거같으니께
갱지니,이모티콘
이수연,이모티콘
이수연,열차가 느뮤 안와염
이수연,,,,
갱지니,악...1호선...
이수연,진짜
이수연,화나욤...
이수연,왜 이시간에도 연착이죰?
갱지니,난 우산 찾다가 지금 나와써...ㅋㅋㅋㅋ
뀨영,나두 가는중~~
최교수,나 그라지에 도착 했어~
갱지니,난 한입에서 버스 기다리는중!!
최교수,얍 천천히 와~
최교수,길 미끄러움
이수연,갱진이랑 버스~
뀨영,ㅠㅠ 나 2시 맞춰서 도착할듯...?
갱지니,파일: 제16회 한성공학경진대회 작품 개요.hwp
이수연,약속을 잡을 때 일정, 장소를 정하기 번거로울 수 있는 점을 고려해서 각 사용자의 일정을 한 눈에 볼 수 있게 정리해서 보여주고, 장소가 정해지지 않는 경우 중간 지점을 계산하여 만날 수 있는 지하철 역 등을 추천해 준다. 또한 해당 지역에서 갈 만한 장소 혹은 음식점, 카페 등을 사용자의 기호에 맞게 카테고리로 분류하여 추천한다.
이수연,다들 고생했어잉 먼저가서 제송함다
이수연,이모티콘
최교수,아닙니다 저희도 끝나서 해어졌습니다
이수연,....
이수연,죽을죄를 진 기분이야
뀨영,수연이도 오늘 고생많았오~~~
이수연,어떡하지?
뀨영,아냐 완전
이수연,ㅋㅋㅋㅋㅋㅋㅋㅋㅋㅋㅋㅋㅋㅋㅋㅋㅋㅋㅋㅋㅋㅋ
뀨영,너 가는거랑 딱맞게 끝났어
이수연,앟 다행이야
갱지니,ㅋㅋㅋㅋㅋㅋㅋㅋㅋㅋㅋ
이수연,다들 조심히 들어가~~~
최교수,ㅋㅋㅋㅋㅋ
뀨영,알바화이팅~~
최교수,내가 말 잘못 한거야???
이수연,교수님 된 기분 너무 짜릿하고^---^
최교수,퓨ㅠ
이수연,ㅋㅋㅋㅋㅋㅋㅋㅋㅋㅋㅋㅋㅋㅋㅋㅋㅋㅋ
이수연,아냐 짜릿했어^0^
이수연,화이띵~~
이수연,학부장님 연락돼쏘?
갱지니,응응 학과 사무실가서 조교한테 받으래!!
이수연,헤에 웅웅
이수연,오빠가 고생하겠고만
뀨영,오 연락 빨리왔네
뀨영,좋은점 썼엉??
갱지니,아직!!
뀨영,이 어플을 사용함으로써 모두가 가능한 날짜를 편리하게 정할 수 있고, 약속 장소로 적절한 위치를 쉽게 알 수 있다. 결과적으로 약속을 정하는 데 있어서 번거롭거나 불편한 점들을 해소시켜줄 수 있다.
뀨영,이런식으로
뀨영,쓰는거 어땡
최교수,난 좋은것 같아!
갱지니,규영이 잘썼다아~!!
이수연,조아조아
이수연,이모티콘
갱지니,파일: 컴퓨터공학부_민경진_우리는 다 계획이 있구나!.hwp
이수연,윽
이수연,이름 진짜
이수연,눈에 띄네
갱지니,메일 보내기 전에 마지막으로 한번씩 확인해줘!! 수정할데 있으면 말해주고~~
갱지니,ㅋㅋㅋㅋㅋㅋㅋㅋㅋㅋㅋ
이수연,확인~
최교수,알겠어! 고마워ㅎㅎ
갱지니,이대로 메일 보낸다아??
이수연,넹넹
뀨영,넹~~~~
최교수,네!~~
최교수,제출 했어
최교수,메일로만 양식 맞춰서 보내주면 된데
갱지니,사진
갱지니,나도 방금 보냈오!!
최교수,얍!! 고생했어~
갱지니,오빠도 고생했오ㅎㅎ
이수연,고생하셔씀당
이수연,그래서 우리
이수연,세부일정(?
이수연,다음계획은
이수연,뭔가요
갱지니,나 학교에서 새로 공경진 관련 글 올렸나 방금 확인해봤는데
갱지니,공경진 추가모집한대ㅋㅋㅋㅋㅋㅋㅋ
갱지니,우리는 이제 구체적으로 어떤식으로 만들지 정해야겠지??
뀨영,헉 사람들 많진 않은가보넹
뀨영,만나서 할까?
갱지니,난 시간되면 만나서 정하는게 좋을꺼같오!!
이수연,나도 시간되면 만나서
이수연,...그래서..?
갱지니,다들 언제 시간됭??
최교수,이모티콘
최교수,언제 만나지??
뀨영,담주??
뀨영,난 주말빼곤 괜찮
갱지니,난 다 괜찮
이수연,사진
이수연,풀로 시간비는건
이수연,체크한날
최교수,나 월 화 목 4시 이후에
최교수,나머지는 풀로 괜찮
이수연,나 빼고 만나야겠는데.?
최교수,화 목괜찮지 않아??
최교수,아니네 여행 가는구나
갱지니,이수연 거의 연예인ㅋㅋㅋㅋ
이수연,아먘ㅋㅋㅋㅋㅋㅋㅋㅋㅋㅋㅋㅋㅋㅋㅋ
이수연,다음주에 하려면 일단 난 빼고 만나구
뀨영,그럼 26일은 어때?
이수연,나는 괜찮은디
이수연,안늦어질까?
뀨영,앗 그런가
뀨영,음음음 그러면 수요일이나 금요일 낮 어떨까
갱지니,수 금 낮도 괜찮은듯
이수연,22일 2시 이후로는 괜찮,, 을거같고 24일은 5시에만 출발할 수 있으면 돼
뀨영,그러면 24일 낮 어때??
이수연,22일은 내가 언제 가평에서 출발할지 몰라서 애매혀
이수연,나는 오끼
뀨영,22일은 온다해도 피곤할것같은데...!
뀨영,ㅋㅋㅋㅋㅋㅋ 집에서 쉬엉
이수연,술마실거같진않으니께 껄껄
이수연,다들 수요일 괨찮으면 수요일도 오끼예욤
이수연,~~~
뀨영,음 그러면 나는 둘다 상관없어
최교수,나도 괜찮아
갱지니,나도 어차피 집에만 있어서 둘다 괜찮은데
이수연,그럼 수욜에하쟌
갱지니,그럼 수요일로 하고 수연이는 오는데로 합류하는걸로 할까??
이수연,전체적으로 구상하고 구현들어가야될텐데 계속 미뤄지면 안될거가터
이수연,넴넴
뀨영,좋아~~
최교수,수요일 언제 어디서 만날까??
갱지니,시간은 2~3시??
최교수,카페 이런데서 할거면 장소는 가운데 쯤에서 만나도 되고
최교수,그래도 좋지 않을까??
이수연,1 2 4 호선 이면 아무곳이나 괜찮을거같아,,
갱지니,ㅋㅋㅋㅋㅋ
뀨영,한입이 뭔가
뀨영,가운데같지않아?
뀨영,^^;
갱지니,규영이한테 좀 멀지 않나..?
최교수,다들 매일 왔다 갔다 하는거 힘든거 같아서리
뀨영,뭔가 가운데라고해도 동역사쯤인거같아섴ㅋㅋㅋㅋ
갱지니,이럴때 우리가 만들려는걸로 장소 정해야되는건데
뀨영,ㅋㅋㅋㅋㅋㅋ 맞네
뀨영,나는 한입좋아
뀨영,이번엔 그럼 색다르게 스벅가자 ^^~~
갱지니,앜ㅋㅋㅋㅋㅋㅋ
최교수,ㅋㅋㅋㅋㅋㅋ 간데 또가면 또 같은 자리 앉을것 같아ㅋㅋㅋㅋ
최교수,다른데 가자ㅋㅋㅋ
최교수,스벅 조아ㅋㅋㅋ
갱지니,그럼 이번엔 한입 스벅으로ㅋㅋㅋㅋ
뀨영,좋아좋아
이수연,오끼
이수연,그래서
이수연,몇시예욤
최교수,오늘 2시 아닌가욤??
이수연,위에 2~3시라고하길랭
뀨영,나도 2시로 알고있었눈데...!
뀨영,몇시에 볼까??
뀨영,3시도괜찮아
이수연,나 사실
이수연,이미 서울이라
이수연,상관없서
이수연,ㅋㅋㅋㅋㅋㅋㅋㅋㅋㅋㅋㅋㅋㅋㅋㅋㅋ
갱지니,ㅋㅋㅋㅋㅋㅋ
갱지니,그럼 2시로!!
뀨영,죠아
이수연,넹
이수연,2층 자리잡아놨서
갱지니,벌써 도착했어..??
이수연,웅
갱지니,30분전인데..?
갱지니,호에 빠르다아
이수연,ㅋㅋㅋㅋㅋㅋㅋㅋㅋㅋㅋㅋㅋㅋㅋㅋㅋㅋ
최교수,나도 빨리갈게ㅋㅋㅋㅋ
이수연,숙소에서 일찍나왔고돈
이수연,천천히 왕 어차피 약속시간 두시니까 ㅋㅋㅋㅋㅋㅋㅋㅋ
이수연,https://icandooit.tistory.com/85?category=793771
갱지니,8월 2일 두시!!
이수연,https://drive.google.com/drive/folders/1lw3vloV6WxNjB3Ipq7PZdLXLN6md4vHH
이수연,파일: 200722_회의.pdf
이수연,잘 안보이면 말하셔
갱지니,이모티콘
최교수,혹시 누구 안드로이드 강의 6주차 있는 사람 있는 사람??
최교수,있어??
이수연,6주차?? 나 밖이라 이따 확인해볼겡
이수연,경진이 저번에 영상들 다 있다고했던거같은데 아마 경진이가 갖고있지않을까?
최교수,응응 시간 편할때 아무때나 해주!!
갱지니,나 있오! 보내줄겡
갱지니,파일: 안드로이드-6주차-그래픽UI이벤트.zip
최교수,고마워!!!
이수연,똑똑... 열어분
갱지니,넴~~
이수연,저 8월 5일에 5시쯤에 먼저 슬쩍 사라져도 괜찮을까요...
갱지니,앗 바빠??
이수연,알바 납치당했어요...
이수연,이모티콘
뀨영,그러면 조금 일찍만날까...?
갱지니,다들 괜찮으면 원래 예정인 2시보다 조금 일찍 만나는것도 괜찮겠다!!
뀨영,저번에도 5시에끝났어서
뀨영,1시에 만나도 괜찮지않을까?!
뀨영,아니면 좀 더 일찍??
이수연,나는 무조건 가능~!
이수연,요즘 8시 일어나기 하고있어서 ^-----^
갱지니,오
갱지니,그러면 조금 일찍 만날까??
이수연,난 조아욤
뀨영,나두 좋아
최교수,나도 그때 할수 있어ㅎㅎ
이수연,다들 감삼다..ㅎ0ㅎ..
갱지니,Web발신
안녕하세요 공학교육개발센터입니다.
공학경진대회 IP 필요 개수 취합을 위해 제출해 주신 신청서 기준 각 작품 팀장님들께 연락을 드립니다. (중복으로 참가를 하는 팀은 각각 따로 작품명 및 팀장이름을 기입해 주시기 바랍니다.) 
작품명, 팀장명, IP필요개수를 8/5(수)까지 회신해주시면 감사하겠습니다.
*기한 내 회신이 없는 팀은 IP를 지급받지 못 하실 수 있습니다.
이수연,IP...
갱지니,방금 온 문자!! 이번주 회의할때 생각해봐야될듯!!
이수연,넹
최교수,옙옙
뀨영,넵~~
최교수,우리 오늘은 안만나는 거야??
이수연,음??
이수연,오늘 만나기로 하지않았어??
이수연,두시에 보기로했던고 같은디
최교수,아 미안ㅠㅠ 두신줄 몰랐어ㅠ
갱지니,그 조금 일찍 만나기로 하지 않았어??
최교수,두시 까지 갈게
이수연,???????
최교수,그건 5일날
이수연,일찍?
이수연,그치?
최교수,아닌가??
갱지니,아 5일이구나..!
이수연,나 그때 확인하면서 일정 적었던고같은디 두시로 적혀이써
갱지니,응응 오늘은 두시!
갱지니,내가 날짜 제대로 못봤었어!!
이수연,5일만 한시!
이수연,헣ㅎㅎㅎㅎㅎ
이수연,장소는 한입으로 가면되나욤
최교수,다들 모이려면 한입이 좋지 않아?
최교수,아니면 다른 곳도 상관 없어ㅋㅋ
이수연,ㅋㅋㅋㅋㅋㅋㅋ 그냥 한입 ㄱ
갱지니,ㅋㅋㅋㅋㅋㅋ
이수연,스벅인가요 투썸인가요
최교수,편한 곳으로 가면 될것 같은데
이수연,커피빈으로
이수연,결정!
갱지니,스벅이랑 투썸 자리없어서
갱지니,커피빈에 자리잡아놨오!
뀨영,ㅇㅋㅇㅋ
뀨영,나 5분 쯤 도착할것같아...~!
최교수,나도...빨리 갈게!!
갱지니,https://m.blog.naver.com/beaqon/221278572578
갱지니,파일: 2020학년도 2학기 시간표.xlsx
최교수,사진
이수연,다들 조심히 들어가세용
최교수,조심이 들어가고 수요일날 보아요~~
갱지니,다들 조심히 들어가~~!!
이수연,다들 몇시 도착예정이야?
갱지니,나 40분쯤?
이수연,아 오끼
이수연,나 지금 한성인데
이수연,투썸 먼저가볼겡
뀨영,다들정말 빠르구나.......
뀨영,나는 1시 ^^.....
이수연,ㅋㅋㅋㅋㅋㅋ 정시도착하면 됐지머
갱지니,ㅋㅋㅋㅋㅋㅋ맞지이
갱지니,난 방금 내려써
이수연,투썸 자리 많다
이수연,여기서해?
갱지니,웅웅 자리많으면 거기서하자!!
이수연,구랭
이수연,자리 붙여놓눈당
최교수,나도 1시까지 갈게
뀨영,나 5분에...도착할듯...ㅠㅠ 빨리갈게....🙇🏻‍♀️🏃🏻‍♀️🏃🏻‍♀️
이수연,오끼ㅣㅣㅣ
뀨영,죄송합니다... (˘̩̩̩ε˘̩ƪ) 담부턴 절대안늦음 약속 ^0^~!!
이수연,ㅋㅋㅋㅋㅋㅋㅋㅋㅋㅋ
이수연,아니 뭐
이수연,5분까진 학교에서도
이수연,출석으로 쳐줌~~~
이수연,ㅋㅋㅋㅋㅋㅋㅋㅋㅋㅋ
뀨영,사진
갱지니,<< JAVA 설치과정 >>
- oracle.com
- download
-  JAVA
- Java (JDK) for Developers
- Java Platform (JDK) 12
- 64비트 .exe
환경변수 설정
- C드라이브 - program files - Java - jdk-12.0.1 경로 복사
C:\Program Files\Java\jdk-12.0.1
- 윈도우 검색창에 [시스템 환경 변수 편집]
- 고급탭에 환경변수
- 시스템 변수에 새로만들기
변수 이름 : JAVA_HOME
변수 값 : C:\Program Files\Java\jdk-12.0.1 (복사한 경로 붙여넣기)
- 시스템 변수에 Path에 새로 만들기
%JAVA_HOME%\bin
자바 개발 구축환경
-----------------------------------
자바 개발도구 설치
http://eclipse.org/downloads/
Download 64bit
Download
eclipseinstaller에서 첫번째 그냥 설치, 그냥 동의
※ 유저 이름이 한글이면 오류!!!!!!!!!!!!!!!!!! 유저 이름은 왠만하면 영어로 한글일 경우 포맷!!
갱지니,파일: Ch01 JSP 개요 및 개발 환경 구축.pptx
갱지니,파일: Ch15 데이터베이스 개발 환경 구축_상품 관리 테이블 생성 및 상품 등록하기_수정.pdf
이수연,`키 해시 등록 시, 모든 개발 환경의 디버그 키 해시들과 릴리즈 키 해시를 등록해야 합니다. 키 해시가 등록되지 않은 앱에서는 카카오 API를 호출할 수 없습니다.
여러 명의 개발자가 앱의 개발에 참여하고 있다면 각 개발자들의 개발 환경에 따라 디버그 키스토어(keystore)가 각자 다르므로 각 디버그 키 해시를 모두 등록해야 합니다.
이수연,try {
            PackageInfo info = getPackageManager().getPackageInfo("com.example.schedule", PackageManager.GET_SIGNATURES);
            for (Signature signature : info.signatures) {
                MessageDigest md = MessageDigest.getInstance("SHA");
                md.update(signature.toByteArray());
                Log.e("KeyHash:", Base64.encodeToString(md.digest(), Base64.DEFAULT));
            }
        } catch (PackageManager.NameNotFoundException e) {
            e.printStackTrace();
        } catch (NoSuchAlgorithmException e) {
            e.printStackTrace();
        } // 카카오 api 키 해시 구하는 과정
이수연,https://gmlwjd9405.github.io/2017/10/27/how-to-collaborate-on-GitHub-1.html
이수연,https://gmlwjd9405.github.io/2017/10/28/how-to-collaborate-on-GitHub-2.html
이수연,방법은 크게 두가지인듯?
이수연,https://playinlion.tistory.com/29
갱지니,https://inma.tistory.com/52
뀨영,https://andamiro25.tistory.com/193
이수연,다들 잘 들어가욤~~
갱지니,다들 조심히 가구 담주에 봐~~ㅎㅎ
최교수,난 집 도착! 비 오는데 조심히 들어가ㅎㅎ
이수연,나 이거 넣긴했는데 클론해서 하면 원인불명의 오류가 자꾸 떠서 그냥 zip으로 받아서 수정했거든? 일단 지금 지도 api빼고 나머지는 정상작동 하니까 zip으로 묶어서 여기다가 올려놓을게욤
이수연,파일: We-Meet.zip
이수연,git으로 올리려는 시도는 해볼텐데 될지 모르겠서,,
갱지니,아..ㅠ 왜그러지..ㅠㅠ
이수연,그러니까,,,
뀨영,지도가 그러면
뀨영,문제인거야...??
이수연,잉?
이수연,아니아니
이수연,깃에 안올라가는게
이수연,문제인거야
뀨영,아 아아
뀨영,헉 왜지
이수연,모르게써,,,
이수연,그냥 다운로드로 해서 그런가,,
뀨영,어떤 오류떠??
이수연,??
이수연,경진이 repo에 안들어가져
이수연,그 왜
이수연,클론하면
뀨영,웅웅
이수연,자동으로 경진이 repo로 들어가지잖아
이수연,얘는 그게 안돼,,
이수연,경로 설정이랑 다 한거같은데도 그러네,,
뀨영,왤...까.........
이수연,나,,도,, 모르겠서,,,
이수연,흙흙,,,
뀨영,일단 그러면 내일 저거
뀨영,zip파일 받아서
이수연,응응
이수연,그걸로 진행해봐야될거같어
뀨영,ㅇㅋㅇㅋ
이수연,지도는 아마
이수연,키해시 등록에 문제있어서 안되는거같으니까
이수연,다 합치고 진행해도 될듯!
뀨영,아라쏘!
뀨영,나도 오류뜰까봐 무섭넼ㅋㅋㅋㅋ
이수연,앜ㅋㅋㅋㅋㅋㅋㅋㅋ
이수연,아냐 안그럴거야,,
이수연,MainActivity랑 패키지명만 주의하면,,
갱지니,제발 아무문제 없기를...!!
최교수,이거 혹시 내일부터 내가 병합 해도 되???
이수연,오늘 규영이가 병합하고있지?
뀨영,웅웅 마자
뀨영,오늘까지하고
뀨영,올려둘게
최교수,혹시 안된거 있음 천천히 해 나 주말에 한가해서 아무때나 하면 될것 같아
뀨영,알았엉~~
뀨영,수연아 그 지금 깃에 올라와있는거는
뀨영,수정안된거임??
이수연,야쓰
이수연,오류있는거야
뀨영,아아 
이수연,혹시 규영 깃 올라가면
이수연,나 방법좀..ㅎ
뀨영,이거 pull 안하고 
이수연,알려쥬라..ㅎ
뀨영,다운받아서 해서 그런지 
이수연,연결 안되어있지
뀨영,ㅇㅇㅇㅇㅇ
뀨영,연결이 안돼 ㅎ...ㅋㅋㅋㅋ  그 
뀨영,래서
이수연,그거 연결해봤는데
뀨영,pull request가 안됨
이수연,reject떠
이수연,ㅎㅎㅎㅎㅎㅎㅎㅎㅎㅎㅎㅎㅎㅎㅎ
이수연,그치
뀨영,아 그러면 
뀨영,내가 경진이거에서 합쳐보고 
뀨영,되면 다시올려볼까...?
이수연,???
이수연,깃에서 pull해서?
뀨영,ㅇㅇㅇㅇ
이수연,으음...
이수연,내거 합칠때 또 오류뜰거같긴한데
이수연,그럼 일단 해보싈?
뀨영,음음...... 일단 한번 해볼겡
이수연,오끼이
뀨영,나 해봤는데 
뀨영,나도 내거에 올려서 경진이거에 pull request하는건 연결이 안되는데
뀨영,경진이거에 올려서 내거에다가 pull request하는건 되거든....?
뀨영,뭔가 순서가 이상하긴한데.....
뀨영,아무튼 안드로이드에서 pull 해서 하면 되지 않을까 싶은데
뀨영,궁금한게 이거 branch를 내가 만든 거에만 pull request하는거야 아니면 master에다가도 해야하는거야...?
이수연,??????
이수연,리퀘하면
이수연,master에다가 merge하는걸텐데??
뀨영,아 그럼 처음에 안드로이드에서 push할때 내 branch 에다가 하고 merge를 master에다가 하는거지?
뀨영,일단 해놓긴했음
이수연,맞맞
이수연,오...
이수연,어케핶누..
뀨영,그 내가 ^^이름으로 올려놨던거 pull해서 한거였는데
뀨영,너 pull 했을때 오류떴었음??
이수연,master에서 pull해왔는데
이수연,아니다
이수연,clone으로 따왔는데
이수연,계속오류떠서
이수연,걍 다운해서 한거
뀨영,아아
뀨영,나도 근데 clone으로 햤을땐 그
뀨영,push rejected 떴음
이수연,그리고 pull은 원인이 뭔지 안됨..
이수연,ㅋㅋㅋㅋ큐ㅠㅠㅠㅠㅠ
이수연,인생
갱지니,ㅋㅋㅋㅋㅋㅋㅋㅠ
갱지니,이유를 알고싶다ㅠㅠ
뀨영,클론 한 다음에 pull 해도 안돼??
뀨영,ㄹㅇ 이유를 알고싶네
뀨영,ㅠㅠㅋㅋㅋㅋㅋㅋ 깃 너무 어려워ㅠㅠ
이수연,갸아아ㅏㅏㅏ
이수연,책 사야되나 ㅋㅋㅋ큐ㅠㅠㅠㅠ
갱지니,난 클론해도 딱히 오류는 안생겼던거 같은데ㅠㅠㅠ
뀨영,일단 그럼
뀨영,아 어덕하짘ㅋㅋㅋㅋㅋ
뀨영,다운받은걸로 merge 되게할수는 없나
이수연,일단 규영이는 깃에 올린거니까
이수연,오빠 병합까지 끝나면...
이수연,그때 다시 시도해 보고...
최교수,그럼 나 하고 다시 새롭게 클론 해서 해보자
이수연,응응...
이수연,으어
최교수,어떻게든 되겠지ㅋㅋㅋㅋ
최교수,월요일에 만나서 해결 해도 되고 신경 쓰지마 안되는거ㅋㅋㅋㅋㅋ
이수연,오키이~~! 안되면 되게 할것..
이수연,이모티콘
갱지니,맞아...!
갱지니,우리 넷이서 같이 하면 안될게 뭐가 있어!!
갱지니,이모티콘
이수연,이모티콘
이수연,똑똑
이수연,경진이가 네군데 돌아다녀봤는데
이수연,넷다 자리가 마땅치가아노아서
뀨영,웅웅
뀨영,헉 어쩌지
이수연,혜화나 성신으로 갈까하는데
이수연,으때?
뀨영,좋아좋아
이수연,으디로갈까
최교수,저는 괜찮은데 가려면 10분 정도 더 늦어질수도 있을 것 같은데
이수연,그건 괜춘한디
뀨영,나는 둘다상관없엉!
이수연,으음..!
이수연,그럼 혜화로가볼게염
뀨영,넵~~
이수연,넹~~~~
이수연,오빠 늦는건 ㄱㅊ으니까 조심해서 오셩
이수연,비와 ㅂㄷㅂㄷ....
뀨영,자리 잡았어...?
이수연,할ㄹ리스
이수연,로
이수연,오세요
이수연,4범
이수연,번
이수연,에 있는가
이수연,거
뀨영,공차옆에
뀨영,있는거???
뀨영,지금 가는즁
이수연,얍얍
갱지니,우리 4층!!
이수연,4층~~~
최교수,얍 나 이제 지하철 타
이수연,오끼이
이수연,사진
뀨영,<activity android:name=".Calender_edit"></activity>
        <activity android:name=".Calendar_add" />
        <activity
            android:name=".Calendar_popup"
            android:theme="@android:style/Theme.Holo.Dialog" />
이수연,<activity android:name=".InformLocationMap"></activity>
        <activity android:name=".InformLocation" />
        <activity android:name=".CalcLocation" />
        <activity android:name=".MemberPosition" />
        <activity android:name=".SetLocationCenter" />
        <activity android:name=".SetLocationPick" />
        <activity android:name=".SetScheduleCalender" />        <activity android:name=".AddNewScheduleActivity" />
이수연,https://data-make.tistory.com/228
뀨영,<?xml version="1.0" encoding="utf-8"?>
<LinearLayout xmlns:android="http://schemas.android.com/apk/res/android"
    android:layout_width="match_parent"
    android:layout_height="match_parent"
    android:orientation="vertical">
    <androidx.fragment.app.FragmentContainerView
        android:name="com.jyheo.fragmentexample.TitlesFragment"
        android:id="@+id/titles"
        android:layout_width="match_parent"
        android:layout_height="0dp"
        android:layout_weight="1" />
    <View
        android:layout_width="match_parent"
        android:layout_height="5dp"
        android:background="#3F51B5" />
    <androidx.fragment.app.FragmentContainerView
        android:name="com.jyheo.fragmentexample.DetailsFragment"
        android:id="@+id/details"
        android:layout_width="match_parent"
        android:layout_height="0dp"
        android:layout_weight="1" />
</LinearLayout>
뀨영,파일: ChapterX_프래그먼트.pptx
이수연,사진
이수연,다들 조시미들어가시고
이수연,오빠는 얼만지 알려주시고
최교수,다들 만원씩 보내 주면 되
뀨영,어디로 보내나용
최교수,110-432-769708(신한)
뀨영,보냈오~~~
최교수,카페 나 토스 보내고 싶은걸로 보내줘~~
최교수,감사함니당
이수연,보냈슴❗
최교수,옙옙!!
갱지니,나도 보냇엉
최교수,고마워~
갱지니,파일: 안드 PPT.zip
갱지니,파일: 200810_회의.txt
이수연,검마엉
최교수,나 깃에 합친거 올렸는데 mysql 테이블도 생성해야하고 서버도 ip주소로 받아와야 해서 안될거야 그거는 수요일에 만나서 하는게 좋을까??
갱지니,수요일에 만나서 해도 될듯!!
이수연,조아욤
뀨영,오키오키
최교수,다들 수강 신청은 성공했어???
이수연,코로나가
이수연,나빴음
이수연,아니 피시방
이수연,ㅁ히;나어히;ㅁㄴ아ㅓㅣ;ㅏㅓㅎㅇㅁㄴ
최교수,ㅋㅋㅋㅋㅋㅋㅋ
최교수,길가다 자빠져도 코로나탓임
이수연,아니 진짜
갱지니,전부 코로나 탓
이수연,댕화나네
이수연,진짜 욕하고싶은 기분알지^^..
이수연,나 오늘 회의 나가서 집중할 수 있을까?
이수연,마ㅣㄴㅇ허;ㅣㅏㅁ넝ㅎ
이수연,멘탈
이수연,마ㅓㄴㅇㅎ;ㅣㅏㅓ
최교수,ㅋㅋㅋㅋㅋㅋㅋㅋㅋ(주륵)
갱지니,그 기분 알지..
최교수,경진
최교수,올클 ?
갱지니,웅우
갱지니,57초에 새로고침 버퍼링걸려서 식겁했지만
이수연,부럽,,
갱지니,아슬아슬하게 올클해써...
최교수,ㅋㅋㅋㅋ
뀨영,나도 들여다보고있어야겠는걸
최교수,내 설계패턴.....
뀨영,두개나 잡아야돼 ㅠ^^
최교수,ㅋㅋㅋㅋㅋㅋㅋ
갱지니,나도 같이 들여다봐줄겡...
이수연,ㅎ...
최교수,근데 이거 안빠질 것 같은데 
이수연,코로나 사람이였으면 넌 탈모야,,
이수연,내말이
최교수,난 빠른 포기 할래 ㅎㅎㅎ
이수연,이거 정정받아주시나욤^^
최교수,교수님한테 메일 보내 야지ㅎㅎ
이수연,ㅋㅋㅋㅋㅋㅋㅋㅋㅋㅋㅋㅋ큐ㅠㅠㅠㅠㅠㅠㅠㅠㅠㅠㅠㅠㅠㅠㅠㅠㅠㅠㅠㅠㅠㅠㅠㅠㅠㅠ
뀨영,나도 메일보내야하나
이수연,장재영교수님,,
이수연,메일각인가,,
갱지니,솔직히 다른건 몰라도 지정과목은 받아줘야된다
뀨영,맞아 설마 그걸 안받아주시겠어 라는 생각으로 
뀨영,안일하게있는중
이수연,시프 자리가
이수연,나긴할까?
이수연,규영 당장,, 메일보내,,
뀨영,ㄹㅇ 어이없네 
뀨영,수강신청망할줄은;
이수연,ㅋㅋㅋㅋㅋㅋ..
이수연,난 예감했어,,
뀨영,이렇게 빨리 보내도 되는거임?
이수연,두개나 놓칠거라곤 상상하지 못했지만 말야,,,,,,
이수연,으음,,,,,
뀨영,너 두개놓침?
이수연,사실 몰라
이수연,엉
이수연,그 데베설도
이수연,내가 하려던거 아닐걸?
뀨영,ㅋㅋㅋㅋㅋㅋㅋㅋㅋㅋㅋㅋㅋㅋ 일단 
뀨영,인원 추가해줄수도 있으니까 
뀨영,기다려보자 
뀨영,^^
이수연,ㅎㅎ..
뀨영,전에도 몇번 그런적있지않나
이수연,몇몇반은 증설해주긴했는데
이수연,해주려나,,
이수연,일단 시프는 안해줄거같고^^...
뀨영,시프 지금 자리 있는거 
뀨영,김진환교수님뿐?
갱지니,시프는 일단 김진환 교수님 자리 채워져야지
갱지니,증설하던가 할듯...
뀨영,아 ㄹㅇ 전지만 아니면 걍 
뀨영,웹트랙 듣고마는건데
뀨영,전지만 놓친게 어이없네
뀨영,;
이수연,엉...
이수연,시프 킹진환만,,있어,,,,,
이수연,ㅋㅋㅋㅋㅋㅋㅋ ㄹㅇ 전지는 선넘었지
이수연,증설해야지 이건,,
뀨영,ㄹㅇ 
뀨영,에반데
뀨영,오늘 우리 
뀨영,2시에 만나?
이수연,그렇지 않아?
뀨영,ㅇㅋㅇㅋ
갱지니,혜화지??
이수연,그치?
이수연,이거 부여잡다가,,,, 준비 안하겠다,,,
이수연,마ㅓㄹ
이수연,걍 진환씨 들어..?
뀨영,일단 해놓고 
뀨영,아 아냐 
뀨영,빌넣 안되려나 
이수연,정정까지 일단 존버 타야되나,,
뀨영,시간대라도 괜찮으면
뀨영,일단 담아놓는거어떰
이수연,일단 박아놨어..ㅋㅋㅋㅋ큐ㅠㅠㅠㅠ
뀨영,아 ㄹㅇ 
뀨영,망했네 
뀨영,혹시라도 전지 자리생기면...
뀨영,알려줘......
최교수,ㅋㅋㅋㅋㅋㅋ
이수연,ㅇㅋ....
뀨영,고급모바일은 진짜 시간도 상관없다....
최교수,4명중에3명이 망하는 컴공 ㅋㅋ
이수연,어차피 온라인할거면,,
이수연,인원 늘려줘,,,,,,,,,,,,,
이수연,내 420만원,,,,,,,
뀨영,아 ㄹㅇ 지금 상황에 
뀨영,비대면 진행하는것도 에바임
이수연,ㅇㅈ
뀨영,아니 대면 
이수연,결혼식도 50명 이상 모이면
이수연,안된다는데
이수연,수업은요!
뀨영,인정
최교수,샵검색: #촛됐다
최교수,이때 들어야 하는곡
뀨영,ㅋㅋㅋㅋㅋㅋㅋㅋㅋㅋㅋㅋㅋㅋㅋㅋㅋㅋㅋㅋㅋ
이수연,ㅁㅊㅋㅋㅋㅋㅋㅋㅋㅋㅋㅋㅋㅋㅋㅋㅋㅋㅋㅋㅋ
이수연,아 몰라
이수연,킹진환...
이수연,이겨...내가...
뀨영,한번쯤은 들어볼만 하다
갱지니,서면신청 25~27일 수업을 수강하지 않을 경우 졸업이 불가한 학생 대상이래
이수연,ㅋㅋㅋㅋㅋㅋㅋㅋ
이수연,규영 서면 ㄱ....
뀨영,4학년들 말하는거아님??
뀨영,일단 해볼게 ^^
갱지니,http://cse.hansung.ac.kr/viewNews/109
이수연,ㅋㅋㅋㅋㅋㅋㅋㅋㅋㅋㅋ
이수연,전지도
이수연,안들으면 졸업불가지!
뀨영,일단 도전 ^^~~!
뀨영,그나마
뀨영,전지만 놓쳐서 다행
뀨영,;
이수연,그러넼ㅋㅋㅋㅋ
이수연,나도 차라리...전지버리고...
이수연,전선부터할걸...ㅎ
이수연,ㅎㅎㅎㅎ.....
뀨영,어이없는게 수강신청망하고
뀨영,바로
이수연,갸악
뀨영,한양사이버부터
뀨영,잡았음
이수연,뭔뎈ㅋㅋㅋㅋㅋㅋ
이수연,이번에 사강들이
이수연,좀 널널했나..
뀨영,정정만 믿고
뀨영,나갈준비한다
이수연,오늘은 어디서 할까^☆^
이수연,나 혜환뎅
이수연,도착하는사람 연락해주세욤
이수연,~~~
이수연,할리스 왔눈데
이수연,사진
갱지니,나 오늘 지각이염....
이수연,사진
이수연,둘중에
이수연,어디가  편할까?
갱지니,버스가 아직도 출발을 안해..
이수연,헤에
이수연,그럴수도있지!
뀨영,테이블 넓은곳 ㄱㄱ
이수연,위에거?
뀨영,ㅇㅇㅇ
갱지니,나도 위가 나을듯!
이수연,ㅇㅋㅇㅋ~~~
최교수,나 왔는데 수연 어디??
이수연,주문하러
이수연,내려오ㅓㅆ듬
이수연,규영으대
이수연,으댜
뀨영,나
뀨영,지금
뀨영,4출 나옴
이수연,오 다왔네
이수연,올라오셈욤
이수연,오빠랑 나랑 2층에서 주문하고 대기중
갱지니,다들 수고했오
갱지니,조시미들어가~ㅎㅎ
최교수,오늘 재밌었어ㅎㅎ 다음주에 보아~~
이수연,고생해써잉
이수연,오늘 정리해서 올려주께 담주에봐욤
이수연,이모티콘
이수연,근데 나ㄱ래서 방탈출 찾아?
뀨영,나는 방탈출 좋아
뀨영,이모티콘
갱지니,ㅋㅋㅋㅋㅋㅋㅋㅋㅋㅋ
최교수,나도 좋아ㅋㅋㅋㅋ
갱지니,나야 당연히 조아ㅎ
이수연,그럼 나 오늘찍은 사진죠 ㅎ
이수연,성신쪽에서 찾아볼겧
갱지니,ㅋㅋㅋㅋㅋ
갱지니,사진 안주고 내가 찾으면 되는거아닌가ㅋㅋㅋ
갱지니,이모티콘
이수연,쳇 돼써 경진이 다 가져 쳇쳇
갱지니,삐졌엉??
최교수,ㅋㅋㅋ 그럼 다음주에 또 탈출해서 하나씩 가져ㅋㅋㅋ
이수연,ㅋㅋㅋㅋㅋㅋㅋㅋㅋㅋㅋ
이수연,아주 좋은 생각...
이수연,일단 이번 사진은 제가 인터셉트 ㅎㅎㅎㅎㅎ
갱지니,오늘은 스파이 이수연 활약이 있었으니!!
갱지니,아까 올때 버스에서 보니까
갱지니,성신에 방탈출 두곳밖에 없는거같더라!!
이수연,헤에
이수연,찾아봐야게따
갱지니,라온이스케이프?랑 셜록홈즈 있대
최교수,우리 어제 하다가 서버랑 연동 안됐던거 윈도우 방화벽에 막혀서 안됐던것 같아 방금 방화벽 끄고 해봤더니 됐어
이수연,방화벽?
최교수,응 그건 다음주에 만나서 하면 될것 같은데 이번주 개발 하는데 크게 문제 없을거야
이수연,오띠오끼
갱지니,조아염
갱지니,Web발신
한성대학교 공학교육개발센터입니다.
제16회 공학경진대회 관련 공지 드립니다.
1. 공학경진대회는 2020년 9월 24일 ~ 9월 25일에 상상관 지하 2층 체육관에서 진행할 예정입니다.
2. 저번에 취합했던 IP는 학교 상황에 따라 요청하신 만큼 지급이 안 될수도 있습니다.
3. 학교 와이파이가 느리기 때문에 와이파이를 사용하실 팀은 공유기를 지참해주시기 바랍니다.
4. 코로나 상황으로 인하여 온라인 진행시를 대비하여 필수적으로 동영상을 보내주셔야 합니다.
-동영상길이는 5분이내로 설명화면과 설명자의 보이스 두 가지 모두 필히 넣어 영상을 보내주시면 됩니다. ex)PPT 녹화기능 이용한 영상제작 방식
-영상 제출 기한은 9월 15일 15:00시 까지 kim3c1@hansung.ac.kr로 보내주시면 됩니다.
5. 한성공지에 팜플렛 관련 공지사항을 참고 하여 기한 내에 제출하여 주시기 바랍니다.
문의 사항은 02)760-5975 및 5952로 연락주시면 됩니다.
갱지니,방금 공경대 공지 나왔오
최교수,아 진짜 별로 안남았다...
갱지니,그러게....ㅜ
이수연,허억
이수연,영상제출이
갱지니,사진
이수연,15일이네...
갱지니,8월 30일 까지
갱지니,팜플렛 원고 제출
이수연,와악
이수연,저거 디자인도
이수연,짜야되네
갱지니,전시판넬도 알아서 행사 전까지 제작
갱지니,근데 저거 팜플렛 원고 양식 보니까
갱지니,우리 처음에 봤던 양식 파일이던데..?
갱지니,파일: 팜플렛 양식-작품 및 논문 개요 양식 (1).hwp
갱지니,이건데!
뀨영,헉 진짜 얼마안남았다
뀨영,담주에 만나서 팜플렛 할까?
갱지니,우선 팜플렛 먼저 하는게 나을듯
갱지니,30일까지니까!
이수연,오끼오끼
이수연,파일: 200819_회의.pdf
이수연,파일: 200820_테이블_구조.docx
갱지니,이모티콘
최교수,이모티콘
이수연,내일 DB 작업해볼 예정인데
이수연,회원가입부터 해야할까..?
이수연,아니면 그 이후부터 해야할까..
갱지니,음..다른거 먼저 해도 될꺼같긴한데!!
뀨영,쉬운거부터하자 ^0^~~
이수연,ㅋㅋㅋㅋㅋㅋㅋㅋㅋㅋㅋㅋㅋㅋ
이수연,ㅇㅋㅇㅋ
이수연,우리 방탈출 하나요므
뀨영,난 상관없엉
이수연,훔
갱지니,나두 상관없오 히힣
이수연,살해현장만 아니면
이수연,다 좋아,,
갱지니,ㅋㅋㅋㅋㅋㅋㅋㅋ
이수연,사진
이수연,냐
뀨영,엇....
뀨영,아니면 정말
뀨영,동방에서 할까
뀨영,^^...ㅠ
이수연,ㅋㅋㅋㅋㅋㅋㅋㅋㅋㅋㅋㅋㅋㅋㅋㅋㅋㅋㅋㅋㅋ
이수연,혜화나..한성...
이수연,둘중 어디로 갈까^^...
뀨영,혜화가 낫지않을까
최교수,혜화??
이수연,그래 혜화로 하자 ㅋㅋㅋㅋㅋㅋㅋㅋㅋ
최교수,그게 좋은것 같아
갱지니,학교는 근로나 기숙사, 10인미만 교육 프로그램 참가 아니면 못들어갈껄??
갱지니,학생증 보여줘도 못들어간 사람있댔어!@
뀨영,아 정말?? 몰랐네
이수연,홀
이수연,일단ㄱ럼 혜화로 가는걸루
갱지니,혜화 결정-!
이수연,할리스 저번에 우리 앉았던곳
뀨영,할리스에서 하면
뀨영,그 괜찮나...?
이수연,ㅋㅋㅋㅋㅋㅋㅋㅋㅋ
이수연,이유는...모르겠고...
이수연,내거는 계속..안되는중^---^
뀨영,또 안돌아가는거아니야?
뀨영,나 일단 이제
뀨영,혜화역 도착했오
이수연,오빠거는 되더라
이수연,옼옼
이수연,경진이도 여깄서
뀨영,다들....빠르네...
뀨영,🏃🏻‍♀️🏃🏻‍♀️🏃🏻‍♀️🏃🏻‍♀️
이수연,ㅋㅋㅋㅋㅋㅋㅋㅋㅋㅋ
이수연,괜찮아 2시에 혜화였으니까 ^☆^
뀨영,나 음료사서
뀨영,올라갈겡
이수연,create table user(id char(15) NOT NULL,
    ->  pw char(15) NOT NULL,
name char(10) NOT NULL,
position char(20),
primary key(id));
이수연,create table user(id char(15) NOT NULL,
    ->  pw char(15) NOT NULL,
name char(10) NOT NULL,
position char(20),
primary key(id));
이수연,create table user(id char(15) NOT NULL, pw char(15) NOT NULL,
name char(10) NOT NULL,
position char(20),
primary key(id));
최교수,jdbc:mysql://localhost/we_meet?serverTimezone=UTC
뀨영,파일: mysql-connector-java-5.1.49.zip
갱지니,파일: 팜플렛 양식-작품 및 논문 개요 양식.hwp
갱지니,파일: 컴퓨터공학부_민경진_우리는 다 계획이 있구나!.hwp
갱지니,사진
이수연,create table schedule(
schedule_id int(8) NOT NULL,
id char(15) NOT NULL,
schedule_name varchar(80) NOT NULL,
date date DEFAULT NULL,
location varchar(20) DEFAULT NULL,
participants text DEFAULT NULL,
foreign key(id) references member(id),
primary key(schedule_id));
이수연,create table vote(
schedule_id int(8) NOT NULL,
total_mem int(4) NOT NULL,
date_yes int(4) DEFAULT NULL, location_yes int(4) DEFAULT NULL,foreign key(schedule_id) references schedule(schedule_id),
primary key(schedule_id));
이수연,create table calender(id char(15) NOT NULL,
date date NOT NULL,
schedule varchar(80),
memo text,
foreign key(id) references user(id),
primary key(id));
이수연,기본적인 테이블 들이니까
이수연,위에서 부터 순서대로 만들면 문제 없을거예욤
갱지니,http://www.dumbndumber.kr/theme.html?k_shopno=1
이수연,사진
이수연,다들 조시미 가세욤ㅁㅁㅁ
이수연,고생했졍
최교수,냅 오늘 재밌었습니다~~
갱지니,고생했오 조시미 들어가ㅎㅎ
이수연,오빠 규영 >> 27,200
경진 >> 28,200
이수연,80460104182732 국민
이수연,이렇슴니다
갱지니,보냈오!!
이수연,받았쟘
이수연,jsp에서 ArrayList로 java에서 값 못받아오나욤??
최교수,DB에서 서버로 받아오는거 말하는거야??
이수연,응으
이수연,ArrayList<Schedule> list = connectDB.loadSchedule();
이수연,이런식으로 해보려고했는데
이수연,ArrayList를 못찾으니까
이수연,어떤식으로 import해줘야될지도 모르겠어 java는 java.~ 해서 하면되는데
이수연,그냥 page import해줘도 되나?
최교수,한번 나도 찾아볼게
최교수,배열을 가져오는건 안해봐서ㅠ
이수연,오키오키
이수연,일단 page import해서 오류뜨는건 없앴는데 안드로 넘어갈진 모르겠다,,ㅎ
이수연,혹시 다들
이수연,사진
이수연,이거 보셨남^^....?
이수연,우리 다음 회의 카페가서 몬해
갱지니,호에...
갱지니,처음봤어...!!
이수연,저 다음에 어떻게 될지 모르겠지만
이수연,우리 동방도 안열리구...
이수연,헣ㅎㅎㅎㅎ
뀨영,디스코드가 답인가
이수연,우리 넷만 모일 수 있는 곳이 거의 없지..?
이수연,스터디 룸도 못빌리는 상태고..ㅋㅋㅋㅋㅋㅋ
갱지니,그치...ㅋㅋㅋㅋ
갱지니,팜플렛 원고 수정할거 없지?? 오늘 메일 보내게!!
이수연,없을거같다잉
최교수,다음주 우리 만날수 있어??
이수연,못만나지..?
이수연,모여서 할 수ㅠ있는곳이 없엉
갱지니,일단 메일은 보냈구
갱지니,돌아오는 주는 진짜 온라인 상에서 해야되나..ㅠ
이수연,온라인으로 해야될거같지 아마..?
이수연,만나서 할 방법을 찾긴 찾았는데
이수연,어떻게 할까
갱지니,방법이 있어..??
이수연,프랜차이즈만 막힌거라
이수연,개인카페 가면 되긴해
갱지니,개인카페는 상관없나..?
이수연,응응
이수연,프차만 해당이래
갱지니,나 오늘 시장갔는데 프랜차이즈 아닌 카페도 테이크아웃 온리라고 안내문 붙어있던데..!
갱지니,가게마다 다른건가??
이수연,그럴지도..!
뀨영,일단 그럼 이번주는 온라인으로 할까....?
이수연,그래야겠넹,,,
갱지니,나 이번주 수요일에 근로 9-17시 됬는데 혹시 이번주 회의 시간 바꿀수있으까...ㅠ
최교수,나도 이번주 근로 잡혀서 날짜 조금 바꿔야 할것 같아ㅠㅠ
뀨영,나 일단 내일은 안돼....!
이수연,으음
이수연,어차피 온라인할거면
이수연,그냥 주말에 할까
갱지니,난 주말도 괜찮아!!
뀨영,주말이면 일요일...~!
뀨영,다들 이번주에 시간되는게 언제야??
뀨영,수요일 저녁은 힘드나....?
이수연,으음
이수연,괜찮나
이수연,경진이 5시까지 근로하고
이수연,오빠는 몇시까지 근로지?
최교수,나도 그때까지 근로 하니까 저녁에 괜찮아
이수연,경진이 집가고 저녁먹고 하면
이수연,6시 반 7시쯤 시작하면 되겠넹
뀨영,난 좋아
갱지니,나도 괜찮아!!
이수연,혹시 제가 연락이 안된다면 자고있는것일테니 깨워주시면 감사하겠슴니다..
이수연,01037303638...
뀨영,7시에 시작합시당
뀨영,이모티콘
갱지니,나 지금 집에 도착해서 조금 늦을듯...ㅠㅠ
뀨영,가렴ㄴ
뀨영,그러면 7시 반에
뀨영,시작할까....?
최교수,난 그때도 괜찮아!!!
최교수,7시 30분???
최교수,나도 좀 늦을것 같아 ㅠㅠㅠ
갱지니,그럼 7시 30분에 하자..ㅠ
뀨영,오키오키
최교수,이거 친구 추가
최교수,디스코드좀
최교수,알려주세요 ...
갱지니,디스코드 잘아는사람..?
이수연,나
이수연,방금깻서
갱지니,그럴꺼같았어ㅋㅋㅋㅋㅋ
뀨영,딱맞춰서 일어났넹
이수연,이수연#6804
이수연,오프일거ㅛㅑ
최교수,최지호#2437
최교수,이거야
뀨영,나 규영#9652
뀨영,방팔사람?
최교수,이거 서버 만들면 되는거야???
뀨영,나도 내가 만들어본적이없어서 모르겠어 ....ㅋㅋㅋㅋㅋ
뀨영,서버만들기가
뀨영,맞는거같은데?
갱지니,했옹
이수연,서버
이수연,아냐
뀨영,앗 아냐?
갱지니,우엥 서버 아냐..??
뀨영,대화방 만드는건가?
이수연,뭐냐
이수연,오빠 링크 저거
이수연,서버지
이수연,나 잠좀ㅋㅋㅋㅋㅋ
이수연,깨곸ㅋㅋ..옭0ㅡ.ㅡ
최교수,나 혹시 이클립스 jsp하고 java 전체 코드좀 보내주실분 있으신가요??
이수연,나 git에 올라가있서
이수연,그거 클론해가
최교수,얍!!
이수연,얍얍!
이수연,클론했어?
이수연,돌려보고 안되면 얘기햐
최교수,그냥 풀로 받아왔는데 origin/수연 여기에서
최교수,받아오면 되는거 아니야 ??
이수연,맞어
이수연,java는 나만 올린거라 그냥 master에서 받아도대
갱지니,Web발신
공학경진대회 관련 공지 드립니다.
1. 코로나로 인해 온라인 개최가 유력하나 상황이 좋아지면 오프라인개최로 변경될수 있습니다. 정확한 결과가 나오면 다시 공지해 드리겠습니다.
2. 온라인 개최를 위한 5분이내의 작품 및 논문 설명 동영상과 2분이내의 작품을 충분히 보여줄수있는 시연영상(논문팀 제외)를 9월 15일(화요일) 15:00까지 보내주시기 바랍니다.
작품설명 영상파일 이름 : 설명_팀장_과제명
작품시연 영상파일 이름 : 시연_팀장_과제명
갱지니,오늘 문자온거!!
이수연,설명영상이 5분 시연 영상이 2분!
이수연,확인이욤!
최교수,저도 확인했어요ㅎ
뀨영,나도 확인~~~
최교수,수연이 빼고 지금 디스코드 들어와 있는거야 ??
이수연,ㅇㅇ 애들 들어가있는데?
뀨영,난 아니야...!
이수연,난 학교가는중
뀨영,그냥 켜져있나봐
최교수,아 확인 
뀨영,강의듣는중 ^^;
최교수,ㅋㅋㅋ;;;;
이수연,아^^;;;;;;
갱지니,나도 강의...ㅎ
이수연,ㅎㅇㅌ^^...
이수연,도장받으러 갑니다^^..........
갱지니,오늘치 다 들으려면 최소 6시간...
최교수,이거 스케줄 부분 추가 하면 팅기는데 나만 그런 거야???
이수연,정상입니다~
이수연,그부분 코드 아직 손 안댔어욤
최교수,아 확인이욤
이수연,근데 원래 그냥 리스트에 추가되긴해야되는데
이수연,안되더라구^--^....
최교수,잠시만 그거 
이수연,일단 비정상작동이 정상이니 넘어가세옴...ㅎ
최교수,넴
이수연,ㅇㅅㅇ?
최교수,친구 목록 불러오는건
최교수,누가 하는거야 ?
이수연,경진이가 친구 DB 생성하는거 부터 하기로 했서
최교수,수연 넌 뭐할거야??
이수연,??
이수연,어제 디코에
이수연,올렸어
이수연,내가 올린챗에
이수연,수연- 하고
이수연,써놨듬
이수연,내가 스케줄 거의 다 하지않을까 싶은디
최교수,그럼 회원가입 할때 지역좌표 구하는건 제가 해도 되나요??
이수연,물론이쥬
최교수,감사함당~~
이수연,담당해주신다면 넙죽 맡김니다 희희
이수연,감삼둥
이수연,이모티콘
갱지니,이모티콘
갱지니,사진
갱지니,2.5단계 1주 연장이래ㅠㅜ
최교수,ㅠㅠㅠ
최교수,망했네...
이수연,ㅎ
이수연,ㅎㅎㅎㅎ
이수연,ㅎㅎㅎㅎㅎㅎ
이수연,이럴 줄 알았지~!~!
이수연,공문이 먼저 내려왔구나,,
갱지니,영상 어쩌지..ㅎ
뀨영,학교에서 찍으면 되지않아??
이수연,출입증..
갱지니,매주 바뀌는 출입증..
뀨영,앗 안되면 개인카페라두...가자....
이수연,ㄸㄹㄹ...
갱지니,그러쟈..
갱지니,우리 오늘 회의 몇시에 할지 정했었나??
최교수,아직 안정하지 않았어?
이수연,안정했을걸?
갱지니,언제할까??
갱지니,일단 전 5시까지 근로입니당..!
뀨영,그러면 오늘도
뀨영,8시??
이수연,나 저녁에
이수연,작은가족온대서 오늘 어케될지 모르겠서,,
이수연,ㅋㅋ큐ㅠㅠㅠㅠㅠㅠ
이수연,살려줘
최교수,내일은 안되는 사람 누구 였지??
뀨영,난 돼
이수연,내일 근로 6시까지임당
이수연,그거 이후엔 괜찮아
최교수,경진이는 내일 저녁에 가능해???
갱지니,난 내일도 근로 5시까지!
최교수,그럼 내일 저녁에
최교수,할까 ?
이수연,글ㅇ
갱지니,그러자!
뀨영,ㅇㅋㅇㅋ
뀨영,오늘 몇시야??
최교수,8시 아니야?
이수연,그럴거야
이수연,사실 안정했었을걸?
이수연,저 막힌거 있는뎀욤
이수연,vote 기능 어떻게 구현해야될지 모르겠서욤,,,,,
이수연,A가 요청 날렸을 때 B가 그 요청에 응답할 수 있나요..?
뀨영,엇 그러게.....?
뀨영,그것도 db로 뭐 요청 0 1 같은거 해야하나
이수연,ㅋㅋㅋㅋ큐ㅠㅠㅠ
이수연,그게
뀨영,아 근데 그게 앱을 안켜고있을때
뀨영,가능한가
뀨영,일당 그럼
뀨영,음.....
이수연,진짜 적어도 A가 알림을 요청했습니다
이수연,라는 메세지가 B한테 가면
이수연,B가 접속해서 투표 누르게 하는 한이 있더라고
이수연,B한테 알림 보내야 되는건데,,
뀨영,음.......
이수연,음,,
갱지니,친구신청 보내면 수락 거절 하는것처럼 하면 안되려나..?
이수연,그럼 요청 탭을 따로 만들어야되나 스케줄에,,
뀨영,알림보내는거 안되면 그렇게 하는게
뀨영,괜찮을듯...?!
이수연,그렇게 하는 수 밖에 없겠네,,,
이수연,갸악
이수연,요청 탭 따로 만드는건 어렵진 않으니까,,
뀨영,백그라운드로 돌리면 알림보냈을때 바로 올 수 있지않을까
뀨영,🤔......
이수연,약간
이수연,감이 안잡히는게,,
뀨영,어려울것같은느낌
이수연,A가 B의 핸드폰을 알아야?
이수연,보낼 수 있는거아냐?
이수연,근데 그걸 어떻게 알아내냔말이지..?
이수연,으ㅡㅇㅁ..
이수연,급하니까
이수연,일단 따로 만들어서,,,,,,,,,
이수연,그엉
뀨영,일단 따로만들자
뀨영,이모티콘
이수연,엌게이,,,,
이수연,아 그리고
이수연,하나 더
이수연,이거 리스트 뷰 띄울 때
뀨영,웅웅
이수연,자기가 참여한 것만 띄워야 되잖아
뀨영,웅웅
이수연,지금 내가 생각하고 있는 방법은 participants 받아와서 거기에 내 id 있으면 넣고 없으면 빼는 방법을 써야될거같은데
이수연,혹시 다른 좋은방법 있는사람^0^?
뀨영,그 배열로 받아올수있음??
이수연,지금 내가 참여자를 직접 추가해서 해본건 아니라
뀨영,아니면 그냥 schedule엔 원래 하기로했던거처럼 , 로 구분하고
이수연,일단 db에 String ','로 구분해서
뀨영,user에 참여중인 스케줄 추가하는거어때
이수연,넣어만 놨거든?
이수연,참여중인 스케줄??
이수연,아
이수연,그
이수연,schedule 테이블 안에
이수연,participants가 있어
이수연,필드야
이수연,그럼 규영이 말은
이수연,user에 새로운 필드 만들어서
이수연,거기에 schedule_id 넣자는 말이지?
갱지니,필드 추가해서 하는거 괜찮을듯
이수연,으음
이수연,근데 그렇
이수연,그럼
이수연,코드를 어떻게 넣어줘야되지
이수연,각 참여자 마다
이수연,넣어줘야되잖아
이수연,그럼 participantsi for 돌려서 계속 id 바꿔가면서 함수 호출하면 되려나
갱지니,수여니말처럼 id 바꿔가면서 각각 호출해주면 될꺼같은데 혹시 참여자 목록을 이클립스로 넘겨서 where 조건에다 넣는건 안되려나...?
갱지니,저렇게하면 참여자 많아질수록 쿼리문이 길어져서 별로일려나..?
이수연,으음
이수연,그럼 만약에
이수연,참여자가 빠지면 어떻게 처리하지
갱지니,참여자가 빠진다는게 무슨소리야??
이수연,중간에 참여자가 삭제되면
이수연,ABC가 모이는 자리에 B가 빠지고 D가 들어온다거나
갱지니,B가 빠질땐...user 테이블에서 B가 가지고 있는 schedule_id에서 ABC 모이던 스케줄 지우면 되지 않을까 생각했는데
갱지니,이렇게 할려면 되게 복잡할듯...
이수연,ㅎ.....
이수연,ㅎㅎ.........
이수연,아 머리 안돌아간다,,,,
갱지니,캘린더나 친구목록처럼 사용자마다 스케줄 테이블 만들어버리기에는 너무 많아지나....?
이수연,흐어
이수연,그럴거같아서
이수연,전체 DB로 뺐던거 아니였나..
이수연,기억이 안나네,,,
갱지니,근데 수연이가 보내준 테이블 구조 지금보니까
갱지니,000_schedules이라고 있는데 이거 사용자별 스케줄 테이블 아닌가..?
갱지니,으어 나도 헷갈린다....
이수연,그거 아마
이수연,나중에 뺐을걸?
갱지니,아 그래??
이수연,내 기억상은?
이수연,밤샜더니 그냥 뇌가 기능을 멈췄어
갱지니,으...맞지...
갱지니,뇌가 일을 안해
이수연,그리고 졸리지,,
이수연,퇴근,, 2시간전,,,,,,
최교수,public class SetLocationPick extends AppCompatActivity {
    private ActivitySetLocationPickBinding activitySetLocationPickBinding;
    private TextView locationString;
    private Handler handler;
    private WebView webView;
    @Override
    protected void onCreate(@Nullable Bundle savedInstanceState) {
        activitySetLocationPickBinding = ActivitySetLocationPickBinding.inflate(getLayoutInflater());
        setContentView(activitySetLocationPickBinding.getRoot());
        super.onCreate(savedInstanceState);
        locationString = (TextView) findViewById(R.id.locationText);
        locationString.setPaintFlags(locationString.getPaintFlags() | Paint.UNDERLINE_TEXT_FLAG);
        activitySetLocationPickBinding.centerLocationBtn.setOnClickListener(new View.OnClickListener() {
            @Override
            public void onClick(View v) {
                Intent intent = new Intent(getApplicationContext(),SetLocationCenter.class);
                startActivity(intent);
            }
        });
        activitySetLocationPickBinding.searchBtn.setOnClickListener(new View.OnClickListener(){
            @Override
            public void onClick(View v) {
            }
        });
        init_webView();
        // 핸들러를 통한 JavaScript 이벤트 반응
        handler = new Handler();
    }
    public void init_webView() {
        // WebView 설정
        webView = (WebView) findViewById(R.id.locationPickWebView);
        // JavaScript 허용
        webView.getSettings().setJavaScriptEnabled(true);
        // JavaScript의 window.open 허용
        webView.getSettings().setJavaScriptCanOpenWindowsAutomatically(true);
        // JavaScript이벤트에 대응할 함수를 정의 한 클래스를 붙여줌
        webView.addJavascriptInterface(new AndroidBridge(), "TestApp");
        // web client 를 chrome 으로 설정
        webView.setWebChromeClient(new WebChromeClient());
        // webview url load. php 파일 주소
        webView.loadUrl("http://192.168.200.138:8080/server/locationPickWebView.jsp");
    }
    public void OnClickHandler (View view)
    {
        AlertDialog.Builder builder = new AlertDialog.Builder(this);
        builder.setTitle("장소 선택").setMessage("이 곳으로 하시겠습니까?");
        builder.setNegativeButton("No", new DialogInterface.OnClickListener() {
            @Override
            public void onClick(DialogInterface dialog, int which) {
            }
        });
        builder.setPositiveButton("Yes", new DialogInterface.OnClickListener() {
            @Override
            public void onClick(DialogInterface dialog, int which) {
                finish();
            }
        });
        AlertDialog alertDialog = builder.create();
        alertDialog.show();
    }
    private class AndroidBridge {
        @JavascriptInterface
        public void setAddress(final String arg1, final String arg2, final String arg3) {
            handler.post(new Runnable() {
                @Override
                public void run() {
                    locationString.setText(String.format("(%s) %s %s", arg1, arg2, arg3));
                    // WebView를 초기화 하지않으면 재사용할 수 없음
                    init_webView();
                }
            });
        }
    }
    }
이수연,우리
이수연,내일 몇시에 어디서만나는지
이수연,정했어??
갱지니,아직 안정했지..!
이수연,Oh
이수연,정해야지
갱지니,어디가야되지..
이수연,음
이수연,글쎼,,
뀨영,음.....
이수연,일단 학교는 여전히 출입 어렵고,,
이수연,시연영상 말고 설명영상도 찍어야되니까 되도록이면 카페같은 곳이 무난할거같긴한데,,
갱지니,그 예원이네 며칠전에 한입 근처 카페에서 회의 했다는데
이수연,으음
뀨영,오 그러면
이수연,한입근처,,
이수연,어디죠!
뀨영,일단 한입근처로
갱지니,영상찍기에는 조금 너무 열린공간이래..!
뀨영,가볼까
이수연,엌
이수연,아 근데
이수연,영상이거
이수연,우리 보이스 들어가야되잖아
이수연,그럼 되도록 조용한곳이면 좋긴한데
이수연,ㄹㅇ 으악이네
이수연,카페가 조용할리가,,
갱지니,그니까...
갱지니,작품 설명 + 시연이니까 조용해야되는데ㅠㅠ
뀨영,나중에
뀨영,녹음하면안되나?
뀨영,ㅋㅋㅋㅋㅋㅋㅋㅋㅋㅋㅋㅋㅋㅋㅋㅋㅋㅋㅋㅋㅋㅋ
이수연,ㅁㅊㅋㅋㅋㅋㅋㅋ
이수연,후시녹음 ㄱ?
이수연,ㅋㅋㅋㅋㅋㅋㅋㅋㅋㅋㅋㅋㅋㅋㅋㅋㅋㅋㅋㅋㅋㅋ
이수연,나쁘지 않아
갱지니,ㅋㅋㅋㅋㅋㅋㅋㅋㅋㅋ
이수연,모여서 ppt 같은거만
이수연,제작하고
이수연,각자 파트 정해서 녹음해
이수연,ㅋㅋㅋㅋㅋㅋㅋㅋㅋㅋㅋㅋㅋㅋㅋㅋㅋㅋㅋㅋㅋㅋㅋㅋㅋㅋㅋㅋㅋㅋㅋㅋㅋㅋㅋㅋㅋㅋㅋㅋㅋㅋㅋㅋㅋㅋㅋㅋㅋㅋㅋ
갱지니,나 오늘 친구요청 거절하는거랑 검색에서 요청하기 버튼 눌렀을 때 버튼 사라지게? 하는거 해봤는데 버튼 사라지게 하는거 이렇게 하면 안될꺼같지만 일단 보이는거 상으로는 아무렇지 않게 해놨어ㅋㅋㅋㅋㅋ
이수연,잘했서
최교수,수고했어~!
최교수,내일
최교수,언제쯤 만날까 ?
이수연,Umm
뀨영,2시 or 3시
이수연,그렇대
최교수,ㅋㅋㅋㅋㅋㅋㅋ
이수연,ㅋㅋㅋㅋㅋㅋㅋㅋㅋㅋ
이수연,얼마나 걸릴지 모르니까
이수연,두시에 만나자
뀨영,ㅋㅋㅋㅋㅋㅋㅋㅋㅋㅋㅋㅋㅋㅋ
최교수,얍! ㅋㅋㅋㅋㅋㅋㅋ
뀨영,좋좋
갱지니,넴넴
최교수,그럼 일단 한입으로 2시까지 만날까 ?
이수연,그랭!
갱지니,좋아!!
이수연,장소 옮기더라도 그나마 혜화, 학교, 성신 쪽이 개인카페 있을 확률 높으니까
갱지니,다들 어디쯤인가여
이수연,서울역이욤
뀨영,나는 신당역~~!
뀨영,오늘은 안늦는다
뀨영,이모티콘
최교수,어디 카페로 갈까??
뀨영,🤔.... 앉을 수 있는곳?
이수연,으음
이수연,아는 카페가 있긴한데
이수연,열었을지 안열었을지 모르겠어
최교수,거기다...
이수연,그 나폴레옹 뒤에 있는곳인데
뀨영,인스타감성카페그런곳인가
이수연,사진
이수연,여기 어디쯤에있는데
이수연,기억이안나^^....
이수연,ㅋㅋㅋㅋㅋㅋㅋㅋㅋㅋㅋㅋㅋㅋㅋㅋ
갱지니,앗...ㅋㅋㅋㅋㅋㅋ
이수연,저쪽에 카페 좀 많으니까
이수연,일단 저쪽으로 가보는거 나쁘지아노을거같아
최교수,나폴레옹 뒤에 왔는데 마땅한 카페가 안보여ㅠ
이수연,지금 우리 셋이
이수연,어디라고 해야되냐....
최교수,ㅋㅋㅋ 셋이 같이 있어??
이수연,버스타는곳 맞ㅍ
은편에
이수연,경진이 알고있는곳 있어서
이수연,웅웅
이수연,일단 와봤는데
이수연,자리는 있는데
이수연,사람이 많하
이수연,어떻게할까..!
최교수,앉을 자리는 있어??
이수연,응응
이수연,있긴해!
최교수,그럼 내가 거기 갈게
최교수,이름만 말해줘
이수연,스위트..?
이수연,스윗
이수연,경진이가
이수연,지도 찍어준대
갱지니,사진
갱지니,여기!!
이수연,오빠
이수연,오지마바
이수연,ㄴㅋㅋㅋㅋㅋ
이수연,타임
이수연,ㅋㅋㅋㅋㅋㅋㅋㅋㅋㅋㅋㅋㅋㅋㅋ
최교수,ㅋㅋㅋㅋ
최교수,알겠어ㅋㅋㅋ
이수연,그새
이수연,자리가 찼어^^....
이수연,우리가 글로 갈게
최교수,여기 주변에 카페 별로 없는데
최교수,거기주변에 있으면 거기로 가는게 좋지 않아???
이수연,이쪽주변도
이수연,없어 ㅋㅋ큐ㅠㅠㅠ
뀨영,Schedule.java
이수연,우리 내일
이수연,몇시에 만날지
이수연,정해야쥬?
갱지니,이모티콘
뀨영,음....
뀨영,1시?
뀨영,or 2시
이수연,난 ㅇㅋ
뀨영,수연아 지금 그 투표하는 창에서 
뀨영,장소 누르면 꺼지는게 맞는거야?
이수연,얍야
이수연,아직은 그 오류야
뀨영,앗 ㅇㅋㅇㅋ 
뀨영,9/13 추가 내용
- 스케줄  + 누르고 일정 이름 입력하면 투표창에 추가한 일정 이름 떠있음 (장소 투표창은 오류상태) -> mysql에 schedule, vote_date, vote_location 추가 및 변경
- 스케줄 장소에서 지정위치 -> 주소검색 해서 주소 선택하면 해당 위치 마커 표시뜸
- 스케줄 장소에서 중심 지점 -> 지도에 마커, 선, 원 표시되고 확인 넘어가면 맛집/카페/관광명소로 추천장소
- 지정위치, 중심지점 둘 다 맨 마지막 선택전까지만 구현 (지도 뜨는거까지 완성)
- user table 구조 변경 (longitude, latitude 추가)
- ip 변경해야 하는 곳 -> AddressWebview, CalcLocation_map, CustomTask, SetLocationPick, SetLocationCenter
뀨영,오늘 한거? 정리한건데 
뀨영,되게기네 ^^;
이수연,오
이수연,오 oh,,
이수연,많이 했구나
뀨영,테이블구조도 보내줄겡
이수연,얍얍
이수연,ip변경해야 하는곳이
이수연,무슨 소리야?
이수연,customTask 말고 ip가 또 들어가있어??
뀨영,ㅇㅇㅇㅇ 그 
뀨영,맵띄우는게 
뀨영,.jsp 불러오는거에 ip필요해서
이수연,아ㅏㅏㅏ
이수연,오키오키
뀨영,변경해야하는곳 체크해뒀엉
뀨영,사진
이수연,나 아까 했던거
뀨영,사진
이수연,규영 다 합쳐서 git에 올라가 있서?
뀨영,그 modify~~ 그거까지 
뀨영,되어있어
이수연,ㅓ,,
이수연,내가 거기서 더 했었나
뀨영,또 올린거있어??
이수연,기억이 안나네ㅡㅡ
이수연,,,
이수연,잠시만 ㅋㅋ큐ㅠㅠㅠㅠㅠ
뀨영,내가 pull 했을때가 이미 
뀨영,한시간전떠있어서 
뀨영,왠지 더 추가했었을것같아 
뀨영,ㅋㅋㅋㅋㅋㅋㅋㅋ
이수연,앜ㅋㅋㅋㅋㅋㅋㅋㅋㅋㅋ
이수연,파란색 떠있나
이수연,확인좀 해보겠숨다^^
이수연,뭔가 바뀌긴했는데,,
이수연,잠시만
이수연,딱히 오류 고쳐진게 아니라서
이수연,그냥 지금 git에 있는거 pull 해와도 될거같고,,
이수연,그냥 로그 찍은거라
이수연,바로 pull 해와도 괜찮을거같은데
이수연,규영이가 정리해준 내용이
이수연,git에 올라가 있는 그 내용인거지?
뀨영,이해안되는거 있으면 말해줘...!
뀨영,ㅇㅇㅇㅇ 깃에 올라와있는거
이수연,그럼 일단 셋팅 해보고
이수연,안되는거 있으면 말할갱
뀨영,자바파일은 https://github.com/Kyuyoung11/We-meet_java 여기서
이수연,옼옼
이수연,이거 자바파일
이수연,그냥 복붙해도 되는 상탠가..?
갱지니,언제 합쳐...
뀨영,나랑 파일명 다르면
뀨영,안될걸....!
뀨영,.jsp 파일은 DB랑 schedule.jsp 빼고는 그냥 복붙해도됨
이수연,이거,,
이수연,테이블 드랍하고 만드는게 더 빠르려나 ㅋㅋㅋ?
뀨영,그냥 부분적으로 추가하는거면 
뀨영,https://mcpaint.tistory.com/194
뀨영,컬럼추가도 있긴함....
이수연,alter 써서 하는게 차라리 빠른가
뀨영,ㅇㅇㅇㅇ
이수연,그럼 alter를 ,,, 쓰겠읍니다...
이수연,ㅋㅋㅋㅋㅋㅋㅋㅋㅋㅋㅋㅋㅋ
이수연,귀찮아
이수연,ㅋㅋㅋㅋㅋㅋㅋㅋㅋㅋㅋㅋㅋㅋㅋ
뀨영,ㅋㅋㅋㅋㅋㅋㅋㅋㅋㅋㅋ
이수연,일단 다 세팅한거 같은데
이수연,뭐뭐 해야되지??
뀨영,위에 적어둔거만 
뀨영,뜨면 된거야...!
이수연,오키이
이수연,해본다..!
이수연,이거
이수연,회원가입할때
이수연,주소검색?
이수연,해야되는거지?
최교수,맞아
최교수,해야 하는데 하기 전에 db도 바꿔야해
이수연,무슨 db??
이수연,규영이가 올려준거 말구
이수연,또 뭐 더 해야되는거 있서?
최교수,아니 올려준거로 하면 될거야
이수연,이거
이수연,주소도 입력하고 우편번호 찾기 눌러야되는겨?
최교수,아니 주소 입력 하면 
최교수,오른쪽 위에 검색 누르고
이수연,ㅖ..?
최교수,가달려봐
이수연,웅,,,
이수연,ㅎㅎㅎㅎㅎ
최교수,우편 번호 찾기 누르지 말고
최교수,밑에 바로 검색 할수 있게 나오지 않아 ?
이수연,사진
이수연,이상태입니다
이수연,정상인가요..?
최교수,최근에 규영이가 올린거 받은 거야 ??
이수연,얍얍!
이수연,풀 땡겨와서 ip만 내걸로 바꿨어
최교수,사진
최교수,위에 처럼 나오는게 정상인데
이수연,oh
이수연,너무 많은게 없는걸
이수연,저 화면 코드가
최교수,우편 번호 찾기 눌러도
이수연,AddressWebview
최교수,안나와 ?
이수연,맞지?
최교수,맞아
이수연,아
이수연,찾기 누르면
이수연,나와
최교수,아 그럼 괜찮아
최교수,나온곳 밑에
최교수,검색 해서
이수연,응응
이수연,근데 몇번 눌러야 나오는 경우도 있는데
이수연,이것도 원래 이러는거야..?
최교수,그거 느려서
최교수,그런걸거야
이수연,ㅏ
이수연,옼옼
이수연,내 주소 입력하고
이수연,돋보기 눌렀는데
최교수,꺼졌어 ?
이수연,사진
이수연,다시 이상태가 되었어
최교수,아까 규영이도 그러던데
이수연,08283은 내가 원래 입력해놨던 건데,,
최교수,그건 오류 같아
이수연,그럼 이상태에서
최교수,그럼 그거 삭제하고 
최교수,해봐
이수연,dmdma
이수연,dma
이수연,음
이수연,똑같네
이수연,우편번호랑 주소칸에 아무것도 안들어가구 result에도 아무것도 없구
이수연,오류인 상태인가요?
최교수,일단 그냥 검색 할때 1 눌러서 첫번째 뜨는걸로 해봐
최교수,지금 같이 사라지는건 오류 같아서 고쳐볼게
이수연,사진
이수연,..?
최교수,1 누르면 
최교수,1 치면 그냥 밑에
최교수,연관되는거 뜨지 않아 ?
이수연,아 그 순환로?
최교수,어어
최교수,일단 그렇게
최교수,해서 해봐야 할것 같아
이수연,알겠둠!
최교수,일단 회원 가입 잘 되도록 고치고 있는데 지금 안되면 그냥 다른 기능 먼저 확인 해줘ㅠㅠ
이수연,얍얍..!
이수연,자꾸 이미 있는아이디라고 뜨는데,,
이수연,ㅋㅋㅋㅋㅋㅋㅋ큐ㅠㅠㅠㅠㅠㅠ 이건 또 뭐람...
최교수,그거 가끔 나는 오륜데;;;
이수연,table empty set인데,,
이수연,껐다가 다시켜도 이러네
이수연,갸악!
최교수,아니면 그냥 강제로 테이블에 입력 하고
최교수,로그인 해서 그 다음부터
최교수,해줘ㅠㅠ 
최교수,고쳐 볼게
이수연,그 주소가
이수연,어떻게 넘어가?
이수연,location 변수도 있던데
최교수,location ?
최교수,거기가 어디지..?
이수연,사진
이수연,아니
이수연,엥
이수연,엥
이수연,엥?
이수연,잠시만요
이수연,user 테이블 변형 안했나
이수연,뭐지
최교수,??
이수연,아까 table 구조 변경했는데
이수연,안들어가 있어
이수연,당황스럽네
뀨영,user는 제대로 되어있는거??
뀨영,어떻게 하면 제댈 ㅗ된건지 
뀨영,영상이라도 찍어줄까ㅠㅠㅋㅋㅋㅋ
이수연,user data 다 삭제하고 table 구조 바꿨는데
뀨영,웅웅
이수연,table 구조 바꾼게 적용이 안되어있었어,,
이수연,지금 구조 다시 바꾸고 실행 해보는중
뀨영,앗 일단 그럼 
이수연,ㅋㅋㅋㅋㅋ큐ㅠㅠㅠㅠㅠ
뀨영,희망이 보인다 
이수연,아
이수연,내 주소로 가입이랑 로그인 까진 됐다
뀨영,오 경도위도도 
뀨영,제대로 저장됐어??
이수연,톡게시판 '공지': 9/13 추가 내용
- 스케줄  + 누르고 일정 이름 입력하면 투표창에 추가한 일정 이름 떠있음 (장소 투표창은 오류상태) -> mysql에 schedule, vote_date, vote_location 추가 및 변경
- 스케줄 장소에서 지정위치 -> 주소검색 해서 주소 선택하면 해당 위치 마커 표시뜸
- 스케줄 장소에서 중심 지점 -> 지도에 마커, 선, 원 표시되고 확인 넘어가면 맛집/카페/관광명소로 추천장소
- 지정위치, 중심지점 둘 다 맨 마지막 선택전까지만 구현 (지도 뜨는거까지 완성)
- user table 구조 변경 (longitude, latitude 추가)
- ip 변경해야 하는 곳 -> AddressWebview, CalcLocation_map, CustomTask, SetLocationPick, SetLocationCenter
이수연,응응!
이수연,위로 너무 올라가서^^.. 공지 좀 해놓을게
이수연,ㅋㅋㅋㅋㅋㅋㅋㅋㅋ
이수연,- 스케줄 장소에서 지정위치 -> 주소검색 해서 주소 선택하면 해당 위치 마커 표시뜸
이수연,이부분 해보고 있는데
이수연,사진
이수연,여기서
이수연,검색 누르면
이수연,사진
이수연,이렇게만 뜨거든?
이수연,한 1분 정도 냅둬봤는데도 이러는데
이수연,ip문제인가요..?
뀨영,음
뀨영,웹뷰가 안뜨는거같은디
최교수,여러번 눌러도 안되는거야 ?
이수연,얍얍
이수연,한 세네번 다시 들어가봤는데
이수연,안떠
최교수,아
최교수,그거 아까 고쳤는데
최교수,잠시만 코드 다시 올려줄게 그걸로 해봐
이수연,고친거 코드가 안올라가있었나?
이수연,얍얍
최교수,actdivity_set_location_address.xml
최교수,이거 바꿔서 해봐
이수연,이거
이수연,.java 파일에 있는 ip
이수연,내걸로 바꾸면 되는거지?
최교수,이클립스 말하는거야 ?
이수연,아니아니
최교수,아니면 방금 올린 코드?
이수연,안드
이수연,setLocationAddress
최교수,어 바꿔야해
이수연,회원가입할때랑
이수연,똑같은 주소 검색화면 뜨면
이수연,되는거 맞죠?
최교수,넵
이수연,제대로 검색화면 뜨내용
이수연,우리회사 뭐야
이수연,ㅋㅋㅋㅋㅋㅋㅋㅋㅋㅋㅋㅋㅋㅋㅋㅋㅋㅋㅋㅋㅋㅋㅋㅋ
이수연,사진
이수연,원래 이렇게 떠?
뀨영,이ㅓㄱ마자
이수연,ㅋㅋㅋㅋㅋㅋㅋㅋㅋㅋㅋㅋㅋ
이수연,이거 아직 장소 선택했을 때 "여기" 로 저장 되네
뀨영,앗 그거 지운줄알았는데 
뀨영,냅뒀나봄
뀨영,지금 하는중
이수연,옼옼
이수연,앗
이수연,404
이수연,..
뀨영,헉스 어디서
이수연,중간지점
이수연,!
이수연,누르자 마자 404
뀨영,헉 왜지
뀨영,ip 수정한거지??
이수연,ip는 바꿨엉
뀨영,뒤에 그 서버명도
뀨영,바꾼거지??
이수연,k??
이수연,ㅏ?
이수연,저거 server가
이수연,폴더 명이야?
뀨영,내거는 project_Server로 되어있어
이수연,그
이수연,음
뀨영,kakaomap.jsp가 
뀨영,연결되어야하는 파일이얌
이수연,으음,,,,,,,,
이수연,DBserver
뀨영,mWebView.loadUrl("http://192.168.0.7:8080/project_Server/kakaomap.jsp"); 내거는 이렇게 되어있음
이수연,부분은 아닌거지?
뀨영,ㅇㅇㅇㅇ
뀨영,그거 지우고 
뀨영,써야돼
이수연,그
이수연,상위 디렉터리
이수연,말하는거겠지..?
뀨영,맞게 썼는데 안되는거야??
뀨영,어디가 문젤까
뀨영,이모티콘
이수연,아 뜬다뜬다
뀨영,앗 휴 
뀨영,확인 누르고 
뀨영,맛집 카페 관광명소마다 
뀨영,마커 다르게 뜨면 맞아 
뀨영,참고로 관광명소는 마커안뜸
이수연,아아 다르게 뜬다
이수연,!!!
뀨영,오오 됐다 
이수연,우와아
이수연,지금 남은게
이수연,schedule  에다가 경도 위도 집어넣는거랑
이수연,그거 받아오는거
이수연,vote 에서 장소로 넘겼을 때 인텐트 제대로 되는거
이수연,이거 해야되는거 맞나?
이수연,규영이가 지금 schedule에 location 집어넣는거 하고있는거야?
뀨영,웅웅 
뀨영,그 
뀨영,지정위치랑 중간지점 마지막에 선택 눌렀을때 
이수연,그럼 나 일단 vote 넘기는거 하고 있을게
이수연,웅우
뀨영,schedule이랑 vote_location
뀨영,두개에 
뀨영,저장하는거 
뀨영,하고있어!
이수연,오키옼ㅇ!
이수연,intent 해보겠슴니다
뀨영,넴 
이수연,뭐지
이수연,이거 장소 잘 넘어가는데..?
이수연,스케줄 하나밖에 없어서 그런가..?
이수연,하나밖에 없어서 그러네..ㅎㅎㅎ...
이수연,수정 완료!
이수연,나 이거 git에 올려?
뀨영,웅웅 올려주라
이수연,이거 이클립스 수정한거라
갱지니,코드 겨우 다합침..
이수연,public String loadLocationVote() {
      returns = "";
      try {
         Class.forName("com.mysql.jdbc.Driver");
         conn = DriverManager.getConnection(jdbc_url, dbId, dbPw);
         sql = "select * from vote_location";
         pstmt = conn.prepareStatement(sql);
         rs = pstmt.executeQuery();
         while (rs.next()) {
            returns += rs.getInt("schedule_id") + "\t" + rs.getString("schedule_name") + "\t"
                  + rs.getString("location") + "\t";
         }
      } catch (Exception e) {
      } finally {
         if (rs != null)
            try {
               rs.close();
            } catch (SQLException ex) {
            }
         if (pstmt != null)
            try {
               pstmt.close();
            } catch (SQLException ex) {
            }
         if (conn != null)
            try {
               conn.close();
            } catch (SQLException ex) {
            }
      }
      return returns;
   }
이수연,이거 그대로 AppServer 함수 부분에
이수연,붙여넣어주면 돼
뀨영,엇 그럼 
뀨영,경진이부터 깃에 올리는게 낫지않아?
이수연,경진이가 다 합친거면
이수연,경진이거 올린거에서 다시 pull 해오면 되니까
이수연,일단 경진이가 올려볼래?
이수연,pull request 하지 말구
이수연,branch에만 올려봐바
갱지니,근데 나 이거 따라서 테스트 해봤는데 스케줄 테이블에 스케줄 안들어가..ㅎ
이수연,...?
뀨영,오.......
이수연,예/
이수연,..?
갱지니,그래서
갱지니,- 스케줄  + 누르고 일정 이름 입력하면 투표창에 추가한 일정 이름 떠있음 (장소 투표창은 오류상태) -> mysql에 schedule, vote_date, vote_location 추가 및 변경
갱지니,이것만 확인 못해봤어!!
이수연,ㅓ umm,,
이수연,왜지,,?
뀨영,schedule 테이블은 있는거지??
이수연,경진이 DB 다 바꾼거 맞지?
이수연,나 아까 user table 수정 안돼있어서 안들어간거 생각하면
갱지니,사진
이수연,DB 다시 확인해보면 좋을거같은데
갱지니,사진
갱지니,바꿨는데..! 어디 잘못됬나..?
이수연,으으ㅡㅇㅁ,,,,,,,,
이수연,그
이수연,파일 경로
이수연,제대로 돼있어?
이수연,ip 바꾸는 곳!
뀨영,수연아 setLocationCenter에서 
뀨영,location으로 되어있는게
이수연,얍?
뀨영,그 지도에서 장소따온거야?
뀨영,아니면 이미 db에 저장된거 가져온건가?
뀨영,용도가 ㅓㅇ떤거지??
이수연,그 CalcLocation 에서
뀨영,웅웅 
이수연,저장되면
이수연,그 값을 받아오는 변순데
이수연,지금 구조가 살짝
이수연,변경된거같아
뀨영,내거랑 약간 섞여서 
이수연,응응
뀨영,뭔가 좀 헷갈린다 
뀨영,암튼 그 
뀨영,지도에서 얻은 장소를
뀨영,넘기려는 용도인거지??
이수연,CalcLocation부분에 location 전달해주는 putExtra가 없네
이수연,응응
이수연,맞아욤
뀨영,내가 그 placename으로 
뀨영,해놔서 그럴거야
이수연,아
이수연,아아
이수연,옼옼
이수연,경진이는
이수연,해결 됐어??
뀨영,location으로 통일해둘겡
이수연,알겠엉!
이수연,나는,,
이수연,무엇을 해야하는가!
뀨영,음....
뀨영,디자인?
이수연,엌
갱지니,스케줄 제대로 들어가!!
이수연,오키오키!
이수연,그럼 나 디자인 생각해볼게!
갱지니,근데 오늘 했던 + 버튼 누르면 뭔가 이상하게 동작하는거 같아..ㅋㅋㅋㅋ
이수연,읭..!
갱지니,일단 지금까지 해논 코드 git에 올려놓을게..!!
이수연,넹넹
뀨영,아 그 리스트/맵 띄우기
뀨영,도 해야하는구나 
이수연,그
이수연,inform버튼?
뀨영,그 약속정보보기인가
이수연,응응
뀨영,어디에있는거더라
뀨영,아 실행시켜서 확인할수가없어 
뀨영,ㅠㅠㅋㅋㅋㅋㅋㅋ
이수연,java 코드 말하는거면
이수연,InfromLocation이랑
이수연,Map이
이수연,그거 관련 파일이야
뀨영,아 웅웅 맞다 
뀨영,그 부분!
이수연,음!
이수연,일단 맵으로 띄우는건
이수연,그 Center 할때
이수연,버튼 세개 해서 띄웠던거 처럼하면
이수연,되려나??
뀨영,그 리스트 맵 따로 뜨는게
뀨영,내가 참여하고있는 스케줄 전체표시되는거야?
뀨영,아니면 그 스케줄만 인거야?
이수연,ㅔ?
이수연,스케줄만!
갱지니,git에 올렸엉!!
이수연,해당 스케줄의 결정된 장소 주변의 정보!
뀨영,아아 주변정보구나
뀨영,일단 지도는 그러면 
이수연,응응
뀨영,kakao_rec 파일에서 좀만 바꾸면 돼서 
뀨영,금방될듯?
이수연,오
이수연,다행이네
이수연,리스트는 그럼
이수연,따로 api 함수같은게 있으려나?
이수연,그 rec파일이  웹뷰로 띄우는거지?
뀨영,ㅇㅇㅇ마자
뀨영,아니면 이거를 그냥
뀨영,그
뀨영,내가 예전에 말했던
이수연,웅우
뀨영,앱으로 띄워버리는걸로
뀨영,바꿀까
이수연,아 넘겨버리는거?
뀨영,웅웅 
뀨영,안되면 
이수연,나쁘지 않아
이수연,infrom만
뀨영,플랜비로다가 
이수연,ㅋㅋㅋㅋㅋㅋㅋㅋㅋㅋ
뀨영,음
뀨영,나쁘진않을것같음
이수연,그치
뀨영,ㅋㅋㅋㅋㅋㅋㅋㅋㅋㅋㅋㅋㅋㅋㅋㅋㅋ
이수연,ㅋㅋㅋㅋㅋㅋㅋㅋㅋㅋㅋㅋㅋㅋㅋ
이수연,나 점점 날로 먹어가는거 같은뎈ㅋㅋㅋㅋㅋㅋㅋ
이수연,일단 그럼 내가 inform 눌렀을때
뀨영,ㅋㅋㅋㅋㅋㅋㅋㅋㅋㅋㅋㅋㅋㅋ아냐
뀨영,내가 더 
뀨영,ㅠㅠ^...^...
이수연,카카오 맵 어플 호출하는거
뀨영,이모티콘
이수연,해볼게
이수연,ㅋㅋㅋㅋㅋㅋㅋㅋㅋㅋㅋㅋㅋㅋ
뀨영,ㅇㅋㅇㅋ
이수연,ㅇㅋㅇㅋ
이수연,아 경진이거
이수연,pull 하고 나서 진행하는게 좋으려나..?
뀨영,수정사항 많이 없으면 
뀨영,그냥 해도될듯?
이수연,으음
이수연,일단 그냥 하고
이수연,으음 아닌가,,,
이수연,어렵군
이수연,git시끼,,
뀨영,ㅋㅋㅋㅋㅋㅋㅋㅋㅋㅋㅋㅋㅋㅋ
이수연,ㅋㅋㅋㅋㅋㅋㅋㅋㅋㅋㅋㅋㅋㅋ
이수연,무서우니까
이수연,pull 해서
이수연,진행해볼게욤^^..
뀨영,ㅋㅋㅋㅋㅋㅋㅋ그때까지 
뀨영,휴식 ㄱㄱ
이수연,앜ㅋㅋㅋㅋㅋㅋㅋㅋ
이수연,경진이
뀨영,나도 거의 다해가는데
뀨영,이거 하고 또 할거있나
이수연,이거 너 branch에 올린거지??
이수연,으음
이수연,디자인^0^?
이수연,ㅋㅋㅋㅋㅋㅋㅋㅋㅋㅋㅋㅋㅋㅋㅋ
뀨영,ㅋㅋㅋㅋㅋㅋㅋㅋㅋㅋㅋㅋㅋㅋㅋ일단 옥희.....
갱지니,gyeongjin에다가!
이수연,알겠섬!
이수연,일단 규영도
이수연,좀 쉬고,,
뀨영,이거 
뀨영,그 꼭 
이수연,냠?
뀨영,리턴메세지 처리 안해도되나 
뀨영,실패할수가없는 
뀨영,그건데 
이수연,어떤 부분인데??
뀨영,그 그냥 
뀨영,경도위도장소 
뀨영,넣고 
뀨영,끝임
이수연,음
이수연,그럼 리턴 빼고 ㄱㄱ
이수연,굳이 처리할거 없으면
이수연,그냥 실행해도 돌아가
이수연,이거 나 경진이거 pull하려면
이수연,롤백 해야되네^0^//?
뀨영,헉 수정한거많아?
이수연,그
이수연,아이피 수정한건가본데,,
이수연,ㅋㅋㅋㅋㅋㅋㅋㅋㅋㅋㅋ
이수연,그냥 롤백하고
이수연,다시 설정하지 뭐,,
뀨영,궁금한게 
뀨영,이거 
뀨영,vote_location에 들어가있는데 
뀨영,중간에 수정이 가능하게 하면
뀨영,투표하는 도중에 장소가 바뀌는건가?
이수연,그거
이수연,장소 바뀌면
이수연,다시 투표 0,0으로
이수연,바뀌게 해놨어
뀨영,아아 역시 수연
이수연,ㅋㅋㅋㅋㅋㅋㅋㅋㅋㅋㅋㅋㅋㅋㅋ
뀨영,그러면!
뀨영,만약에 여기서 했을때 
뀨영,vote_location에 이미 없는거면
뀨영,추가시켜야하는거지
뀨영,??
이수연,이미 없다는게
이수연,어떤 의미야??
이수연,장소 설정이 안되어있다?
뀨영,ㅇㅇㅇㅇ
뀨영,상관없나?
뀨영,아 그렇네 
뀨영,상관없구나 
이수연,ㅋㅋㅋㅋㅋㅋㅋㅋㅋㅋㅋ
뀨영,처음에 스케줄 추가할때 vote_location에도 
뀨영,들어가는거지??
이수연,장소 선택하면
이수연,vote_location에도
이수연,들어가!
뀨영,안해도 들어가?? 
뀨영,그 
뀨영,그냥 null값인거라도
이수연,그냥
이수연,뒤로가기하면
이수연,null로 들어갈거야
뀨영,아아아 맞네맞네
이수연,만약에 여기 라고 저장되어있는상태에서
이수연,다시 뒤로가기하면
이수연,여기 로 저장 되어있어야되고
뀨영,그 returnMain.putExtra 쓰면 
뀨영,어떻게 되는거야? 
뀨영,어디로 넘어가는거지?
이수연,MainHome!
뀨영,아아 ㅇㅋㅇㅋ 
이수연,또 executeQuery 안된다 ㅋㅋㅋㅋㅋㅋ큐ㅠㅠㅠㅠㅠㅠㅠ
이수연,슬슬 졸린데 말이지,,,,,,,
갱지니,ㅋㅋㅋㅋㅋㅋㅋㅋㅋ
이수연,왜,,,
이수연,또,,안될까,,
갱지니,나는 아까 잘되던거 자꾸 NullPointerException 오류 난다...
이수연,갸악,,,,,,ㅠㅠ
이수연,이거,,
이수연,어플 깔려있어야 실행되는거지..?
갱지니,애뮬레이터에??
이수연,응응
이수연,이거
이수연,에뮬레이터에
이수연,카맵 없어서
이수연,실행 안되는거 같길래
이수연,폰으로 돌렸는데
이수연,잘됨
이수연,이거 깃에 올려?
갱지니,헤에
이수연,일단 깃에 올렸듬
갱지니,웅웅
갱지니,나는 뇌가 정지했어...
이수연,그러고 보니까
이수연,경진이 이클립스 코드도
이수연,더해야되지않나
이수연,??
이수연,테이블 바뀐거랑
갱지니,friend관련한거는 합쳐서 올려놨오!!
이수연,경진이 java에?
갱지니,응응!!
이수연,알게쏘!
갱지니,나 도대체 어디서 부터 잘못된건지 못찾고있어..ㅋㅋㅋㅋ
이수연,에
이수연,왜왱
갱지니,그 스케줄 리스트에서 길게 눌러서 편집 눌러도 꺼지고
갱지니,스케줄 메인에서 + 눌러서 다이얼로그 띄운다음에 참여자 추가하는 + 눌러도 앱 중단...
뀨영,나도 지금
뀨영,약간
뀨영,계속 오류남
이수연,롸,,,,,,,
이수연,뭐지..?
이수연,시연하는데 지장있는 오류야?
뀨영,웅.....
뀨영,그 합치는거에서 
뀨영,제대로 안됐나봐 ㅠㅠ
뀨영,setLocationCenter부분인데
뀨영,사진
뀨영,여기서 그 이클립스에 
뀨영,error 로 뜸
이수연,뚜둔,,
이수연,형식 잘 맞는지 확인해봐
이수연,그 인자 개수 다르면 자주 그러는데,,
갱지니,사진
갱지니,길게 눌러서 편집 누르니까 이렇게 오류난다..ㅠㅠ
이수연,으음
이수연,그
이수연,스케줄 리사이클러에서 하는거지?
갱지니,그치??
뀨영,어 ㄴ나도 
뀨영,이거 떠
뀨영,ㅋㅋㅋㅋㅋㅋㅋㅋㅋㅋㅋㅋㅋㅋㅋㅋㅋㅋㅋㅋㅋㅋ
이수연,내가 손댔던 코드가 아니네
이수연,으음
뀨영,반갑다 뭔가 
이수연,ㅋㅋㅋㅋㅋㅋㅋㅋㅋㅋㅋㅋ
갱지니,ㅋㅋㅋㅋㅋㅋㅋㅋ
갱지니,+버튼 누를때도 저 오류야
갱지니,저거 해결하면 뭔가 될꺼같은 느낌인데
갱지니,저게 왜 나는지 모르는게 문제...
뀨영,아 ㄹㅇ 저게 
뀨영,뭐해서 나는 오류인지
뀨영,모르겠어
이수연,갱진아
이수연,저거 sendMsg로 넘어가는 구조가
이수연,아닌거 아냐?
갱지니,응?? 어디가??
이수연,else if(sendMsg.equals("loadParticipants")) {
                sendMsg = "sche_id=" + strings[0] + "&type=" + strings[1];
이수연,이거
뀨영,아 이거 
이수연,커스텀 테스크 부분인데
이수연,경진이 이거 넘길때
뀨영,그게 다른가?
이수연,sendMsg해서 넘기잖아
뀨영,나도 그렇게했거든
뀨영,바꿔봐야지
이수연,근데 sendMsg가 ScheduleAdapter부분
이수연,어디에도 없는데..?
이수연,어떤 구조야?
이수연,경진이거 다른거 보면
이수연,String result = new CustomTask(sendMsg).execute(id, "loadWaiters").get();
이수연,이런식으로
이수연,중간에 sendMsg 이렇게 넘어가는데
이수연,Adapter부분에는 저 sendMsg부분이 없거든?
이수연,그거때문아닐까 생각되는디
뀨영,ㅇㅏ 나는 된거같음 
이수연,됐어??
뀨영,웅웅 
뀨영,내가 그냥 
뀨영,빼먹은거였어
이수연,앜ㅋㅋㅋㅋㅋㅋㅋㅋㅋ
뀨영,그 경진아 혹시 
이수연,찾아서 다행이네
뀨영,new customtask(sendmsg) 이런식으로 
뀨영,한건지 확인해봥
뀨영,아 문제가 근데
뀨영,내거가 실행이안됨
이수연,ㅇㅅㅇ!
이수연,..?
이수연,예?
이수연,ㅋㅋㅋㅋㅋㅋㅋㅋㅋㅋㅋ
이수연,어떤거??
뀨영,내가 방금 추가한거 ㅠㅠㅋㅋㅋㅋㅋㅋㅋㅋㅋㅋ
뀨영,출력해보면서
이수연,앜ㅋㅋ큐ㅠㅠㅠㅠㅠㅠㅠㅠ
이수연,응응
뀨영,고쳐볼게 일단....
이수연,하이띵,,
이수연,나 실습 좀
이수연,하고있을게,,
이수연,필요하면 불러,,
갱지니,휴...
갱지니,수연이는 천재야...
이수연,ㅋㅋㅋㅋㅋㅋㅋㅋㅋㅋㅋㅋ
이수연,해결해써?
갱지니,loadParticipants 할때 sendMsg 안넣어줘서 그런게 맞는듯...
이수연,ㅋㅋㅋㅋㅋ
갱지니,넣어주니까 제대로 되..!
이수연,다행이다
이수연,!!!
갱지니,물론 user에 현재 나밖에 없어서
갱지니,참여자 추가 하는거 확인은 제대로 안했지만..ㅎ
이수연,앗,,ㅋㅋㅋㅋㅋㅋ
이수연,맞지맞지
이수연,괜찮아!
이수연,잘 되게찌
이수연,껄껄
갱지니,으아...도저히 못버티겠다..
이수연,해결했으니까
갱지니,아침에 일어나기 위해서..
이수연,이제 좀 쉬엉
갱지니,조금만 자고 일어날게오...
이수연,구래오구래오
이수연,고생했엉!
뀨영,나도 아까보단 좀 더 
뀨영,나은상태 됨
이수연,앜ㅋㅋㅋㅋㅋ
이수연,다행이다
이수연,그러고 보니ㅏㄲ
이수연,오빠는?
이수연,자나?
갱지니,스르륵....
갱지니,그래서 우리 내일 몇시에 만나..?
이수연,음
이수연,한시나 두시랬지?
뀨영,아 됐다
뀨영,했음
뀨영,그 이거 한거까지 
뀨영,수연이거랑 합쳐서
이수연,올ㄹ
뀨영,올려??????
이수연,웅웅
이수연,그러자
뀨영,경진이거까지 지금
뀨영,합쳐져있는거지??
이수연,응응
이수연,내거에
이수연,경진이거까지 되어있어
뀨영,ㅇㅋㅇㅋ
이수연,옼옼
뀨영,사실 바보짓으로 안됐던거라서
뀨영,개빡침;
뀨영,;;ㅋㅋㅋㅋㅋㅋㅋㅋㅋㅋㅋㅋㅋㅋ
이수연,ㅋㅋㅋㅋㅋㅋㅋㅋㅋㅋㅋㅋㅋㅋㅋㅋㅋㅋㅋ
이수연,마치
이수연,아까의 나같네^^..
뀨영,ㄹㅇ 
이수연,괜찮아 규영,, 해결 된게 어디야^^..
이수연,ㅋㅋㅋㅋㅋㅋㅋㅋㅋㅋㅋㅋㅋㅋ
뀨영,설마이거때문에...?
뀨영,했는데
뀨영,;
이수연,ㄹㅇㄹㅇ
뀨영,맞네
최교수,나 아직 안자ㅋㅋㅋ
이수연,앜ㅋㅋㅋㅋㅋㅋㅋㅋ
이수연,조용하길래
이수연,쓰러졌나 했지^0^
뀨영,수연이거에 자바도 올라와있엉?
이수연,응응
이수연,자바도 올려놨엉
뀨영,ㅇㅋㅇㅋ
이수연,내 원격 repo에 있을거야
뀨영,수연 혹시 
뀨영,setLocationCenter에서 
뀨영,바꾼거잇어??
뀨영,ip빼고
이수연,그부분은
이수연,안건드렸어
뀨영,ㅇㅋㅇㅋ 그냥 걍 
뀨영,복붙해야지
뀨영,^0^
이수연,ip빼고 달라진거 없을거야
이수연,ㅋㅋㅋㅋㅋㅋㅋㅋㅋㅋㅋㅋㅋㅋㅋㅋㅋ
이수연,복붙 편안,,
이수연,ㅋㅋㅋㅋㅋ
뀨영,이거
뀨영,location 있는거 누르면 
뀨영,지도 떠야 맞는거야?
이수연,??
뀨영,엇 그 
뀨영,카카오맵으로 연결하는거
뀨영,구현한거아니야??
이수연,아
이수연,응응 맞는디
이수연,location이
이수연,장소 얘기하는거지?
뀨영,ㅇㅇㅇㅇ
이수연,inform 에다
이수연,구현했는디
이수연,location으로 들어갔어..?
뀨영,엇 아니 그 
뀨영,그냥 
뀨영,누르면 
뀨영,꺼져서 
이수연,아아ㅏ
뀨영,원래 어떻게 하면 되는건가 싶어서
이수연,응응 정상이야
뀨영,아 정상이야?
이수연,그 에뮬에 카맵이 없어서
이수연,꺼지는거거든
이수연,깔려고 했는데
뀨영,폰으로해도 
뀨영,안되는거라면....?
이수연,왜 안뜨는지 모르겠어
이수연,ㅖ..?
이수연,난 되던데..?
이수연,규영 폰으로 했을 때 안돼..?
뀨영,웅웅.... 뭐지
뀨영,그 
뀨영,서치하는거에서 
이수연,동영상
뀨영,걸리는데.....?
이수연,예..?
이수연,그
이수연,오류 메세지좀
이수연,보여주라
뀨영,아 날짜도 있어야 뜨는건가...?
뀨영,잠만 기다려봐~!
이수연,응응!
이수연,날짜랑은 아마 관계 없을텐디,,
이수연,이클립스가 안된건가..?
뀨영,아 그런가?
뀨영,사진
뀨영,이렇게뜸
뀨영,근데 내가 봐도 뭔가
뀨영,인텐트가 꼬여서 
뀨영,삐그덕삐그덕 돌아감
뀨영,저거 말고 다른부분이
뀨영,^^ ㅠ.....
이수연,앗,,,,ㅎ
이수연,저거
이수연,line 31
이수연,log 찍는부분
이수연,아냐??
뀨영,마자
뀨영,!~!
이수연,그럼 커스텀 테스크랑
이수연,이클립스 다시 확인해봐야 될거같은디?
이수연,result가 없다는 소리라
뀨영,아 뭔지 알것같아 
뀨영,그
뀨영,커스텀에 추가를안함
이수연,ㅏ
이수연,저기요^^..
이수연,ㅋㅋㅋㅋㅋㅋㅋㅋㅋㅋㅋㅋㅋㅋㅋㅋㅋㅋㅋㅋㅋㅋㅋㅋㅋㅋㅋㅋㅋㅋ
이수연,얼른 하고 
뀨영,ㅋㅋㅋㅋㅋㅋㅋㅋㅋㅋㅋㅋㅋㅋㅋㅋㅋㅋㅋㅋㅋㅋㅋ대충 슥 보고 
이수연,재워야겠다
뀨영,안고쳤나? 하고 
이수연,ㅋㅋㅋㅋㅋㅋㅋㅋㅋㅋㅋㅋㅋㅋㅋㅋㅋㅋㅋㅋㅋㅋㅋㅋㅋㅋㅋㅋㅋㅋㅋ
뀨영,복붙해버림
뀨영,^^;
이수연,악^0^
이수연,그럴 수 있지
이수연,ㅋㅋㅋㅋㅋㅋㅋㅋㅋㅋㅋㅋㅋㅋㅋㅋ
뀨영,아 뜬다 
이수연,ㅋㅋㅋㅋㅋㅋ
이수연,다행이다
뀨영,휴 
뀨영,금방고침
뀨영,이게 그러면 
뀨영,그 
뀨영,location 주변으로 검색하는게
뀨영,안되어있는건가??
이수연,이제 NULL 만 뜨면 일단 커스텀부터 확인하게 돼 ㅋㅋㅋㅋㅋㅋ
이수연,그거 아마
이수연,나 저 location 값들이 null로 되어있어서
이수연,0.0으로 찍히는거같아
뀨영,아아 그럼 그거 바꿔놓고 한번
뀨영,해볼겡
이수연,옼옼!
뀨영,loadPosition 부분이 
뀨영,그거하는부분인감?
이수연,웅우
이수연,받아오는 부분이야
뀨영,엇 이거 
뀨영,되어있는거아니야?
이수연,에???????
뀨영,나 location 해놨는데
뀨영,왜 안뜨징
이수연,띠용이네..?
뀨영,아 아냐 
이수연,그 mysql cmd로
뀨영,!
이수연,확인해바
뀨영,재도전
이수연,앜ㅋㅋ
이수연,기!
뀨영,사진 2장
뀨영,이거에서 넘긴건데
뀨영,응봉역쪽이 떠야하는데
뀨영,시청쪽에서 뜨는데 뭐지
이수연,저기좌표가
이수연,0.0이야
뀨영,아 그래?
이수연,load가 제대로 안되고있단뜻인다
이수연,뜻인디
이수연,응응
이수연,뭐냐퓨,,
뀨영,재재도전
이수연,앜ㅋㅋㅋㅋ
이수연,트라이,,,,,,
뀨영,아 됐다 
뀨영,그 
이수연,웅우?
뀨영,while (rs.next()) {
            System.out.println("rs");
            returns += rs.getDouble("latitude") + "\t" + rs.getDouble("longitude") + "\t" ;
         }
뀨영,이클립스 이부분에서 
이수연,응응
뀨영,두개 순서만 
뀨영,바꿔줬엉
뀨영,경도위도 
이수연,ㅏ
이수연,세상이네
뀨영,경진이거에서
뀨영,확인해야하는게
뀨영,어떤거지/??
이수연,으음
이수연,참여자 제대로 저장되는지..?
뀨영,경진이가 그 
뀨영,안된다고 한게 
뀨영,어떤부분인걸까
이수연,으음,,,,
이수연,그 다이얼로그에
이수연,띄우는 부분일거같은데
이수연,참여자 추가했을 때
이수연,다이얼 로그 참여자 목록 부분에
이수연,이름 띄우는거?
뀨영,나도 딱 그 
뀨영,+ 누르면 안뜨는데
뀨영,일단 그럼 
뀨영,여기부턴 내일 
뀨영,내일이 아니네 
뀨영,오늘 경진이에게 물어봐야겠다
이수연,ㅋㅋㅋㅋㅋㅋㅋㅋㅋㅋㅋ
이수연,맞지맞지
뀨영,수연이는 그러면
뀨영,돌아가??
뀨영,경진이 부분까지?
이수연,으음
이수연,안돌려봤어..!
뀨영,ㅋㅋㅋㅋㅋㅋㅋㅋㅋㅋㅋㅋㅋㅋㅋㅋㅋㅋㅋㅋㅋㅋㅋㅋㅋㅋㅋ
이수연,ㅋㅋㅋㅋㅋㅋㅋㅋㅋㅋㅋㅋㅋ
뀨영,앗 그럼... 그냥.... 올린다~~~~
이수연,일단 올려~!~!
이수연,아니 교수님 실습
이수연,더럽게 많아 진짜
이수연,벌써 6개 째야
이수연,교수님 저 졸려요 ㅠㅠㅠㅠㅠㅠㅠㅠㅠㅠㅠㅠㅠ
뀨영,ㅋㅋㅋㅋㅋㅋㅋㅋ나도 
뀨영,시프보고 
뀨영,자야겠다 ^^ ㅠ
이수연,ㅋㅋㅋㅋㅋ큐ㅠㅠㅠㅠㅠㅠㅠㅠ
이수연,진짜,,
뀨영,오늘 고생많았ㅇ ㅓ수연아....
이수연,.힘내자,,,,,,,,
뀨영,이모티콘
이수연,너두 규영,,ㅠㅠㅠㅠㅠㅠㅠㅠ
이수연,이따,, 봐,,
이수연,^^,,,
뀨영,ㅋㅋㅋㅋㅋㅋㅋㅋㅋㅋㅋㅋㅋㅋㅋㅋㅋㅋㅋㅋ
뀨영,우리 그러면
뀨영,2시로 하자 
이수연,좋아,,
이수연,ㅋㅋㅋㅋㅋㅋㅋㅋㅋㅋㅋㅋㅋㅋㅋㅋㅋㅋㅋㅋㅋㅋㅋㅋㅋㅋㅋㅋㅋ
이수연,2시 한입,,,,,
뀨영,좋습니다
이수연,어케이,,,,,,
최교수,고생했어~~
이수연,오빠두 고생했어~!~!
최교수,우리 오늘 어디서 만나???
갱지니,나랑 수연이는 한입 투썸에 있어!!
최교수,얍 거기로 갈게!
뀨영,헉 벌써??
뀨영,나 좀 늦을것같음 ㅠㅠ
최교수,나도 가서 실강 들어야 할것 같아ㅠ
이수연,조시미와~!~!
뀨영,나 음료시키고
뀨영,올라갈겡
이수연,넹넹
이수연,사진
뀨영,사진
갱지니,사진
뀨영,사진
뀨영,사진
뀨영,https://www.youtube.com/watch?v=mPUzjHu8Cv0
뀨영,사진
이수연,https://recipes4dev.tistory.com/149
뀨영,사진
이수연,https://turbologo.com/logo-maker?gclid=Cj0KCQjwqfz6BRD8ARIsAIXQCf0QzoVR_wa_vqjW2Pu0edc2quj1fi4DBie11MGUuoFvOZk50iE3Z5MaAjA6EALw_wcB
이수연,사진
이수연,사진
이수연,사진
뀨영,사진
이수연,사진
뀨영,사진
뀨영,사진
최교수,사진
최교수,사진
최교수,사진
갱지니,사진
갱지니,사진
갱지니,사진
뀨영,사진
최교수,사진
이수연,ㅎ
갱지니,사진
이수연,톡게시판 '투표': .
이수연,톡게시판 '투표 종료': .
갱지니,사진
갱지니,사진
갱지니,사진
갱지니,파일: 프레젠테이션1.pptx
이수연,사진
뀨영,사진
뀨영,사진
이수연,사진
갱지니,http://www.n2n.pe.kr/lev-1/color.htm
이수연,R66 G137 B251
뀨영,사진
뀨영,톡게시판 '공지': R66 G137 B251
뀨영,#4289FB
R66 G137 B251
뀨영,톡게시판 '공지': #4289FB
R66 G137 B251
뀨영,사진
이수연,R56 G110 B253
뀨영,사진
뀨영,사진
이수연,R56 G88 B205
뀨영,사진
뀨영,메인
#4289FB
R66 G137 B251
서브
R56 G88 B205
#FF3858CD
뀨영,메인
#4289FB
R66 G137 B251
FF4289FB
서브
#3858CD
R56 G88 B205
FF3858CD
뀨영,톡게시판 '공지': 메인
#4289FB
R66 G137 B251
FF4289FB
서브
#3858CD
R56 G88 B205
FF3858CD
이수연,사진 2장
갱지니,사진
뀨영,사진
뀨영,사진
뀨영,사진
뀨영,logo.png
갱지니,사진
이수연,https://goddaehee.tistory.com/253
이수연,해결방법 git bash
이수연,저거 따라해
이수연,사진
뀨영,나 늦잠자버려서.....거의 9시반에 도착할 것 같아 ㅠㅠ.....
뀨영,우리 오늘 카페야 학교야??
이수연,카페!
이수연,나는 이제 설역 가는중
뀨영,ㅇㅋㅇㅋ
뀨영,걍 밤샐걸 그랬나봐
이수연,ㄹㅇ
뀨영,8시에 눈떠버림 ㅠㅠ
이수연,ㅋㅋㅋㅋ큐ㅠㅠㅠㅠ
이수연,피곤할만
이수연,했음
이수연,최근에 계속 6시 취침 > 얼마 못잠
이수연,반복이라
갱지니,마자..지하철에 서있는데도 졸려서 눈이 감겨..ㅋㅋㅋㅋㅋㅋ
뀨영,확실하게 30분 전까진...~! 도착할것같아
이수연,옼옼
최교수,투썸 에 가있을게
이수연,ㅇㅋㅇㅋㅇㅋ
갱지니,동영상
이수연,파일: polaroid.pptx
뀨영,파일: 물방울 - Tido Kang.mp3
뀨영,사진
뀨영,사진
뀨영,사진
뀨영,사진
뀨영,사진
뀨영,사진
뀨영,사진
뀨영,사진 3장
뀨영,사진 7장
이수연,동영상
이수연,동영상
최교수,okok
갱지니,동영상
갱지니,동영상
갱지니,동영상
갱지니,동영상
갱지니,파일: 제 16회 공학경진대회 오프라인 참가 동의서.hwp
이수연,동영상
이수연,깃에 오늘 한거 올렸듬~!
갱지니,넴~~
최교수,감사합니당~~
이수연,우리 지금 학교측으로 보내야 되는게 오프라인 동의서랑 상주 누가 언제있는지랑 또 뭐 더 있어?
뀨영,없을듯?!
갱지니,학교측에 보낼건 그거 두개얌
갱지니,우리 만약에 오프라인으로 개최하면 오프라인으로 심사 받을래 온라인으로 심사 받을래??
이수연,난 오프
갱지니,규영이랑 오빠는??
최교수,나는 진짜 둘다 상관 없는데
최교수,나도 오프
뀨영,그럼 나도 오프~!
갱지니,그러면 시간 정해봅시당
최교수,시간??
갱지니,오프라인 상주시간 예정이
09.24(목) 10:00 ~ 16:00
09.25(금) 10:00 ~ 14:00
최교수,우리가 원하는 시간에 심사 받는거야 ?
갱지니,이땐때 각팀의 상주인원과 시간을 작성해달라고 해서!!
최교수,난 금요일은 다 가능하고 목요일은 근로 시간 바꿔서 알려 줄게
이수연,목 12~16:00
금 근로 시간 바꿀 수 있는지 여쭤보고 알려줄겜
갱지니,근데말야..!
갱지니,이거 메일 2시까지 제출이야..!
갱지니,ㅋㅋㅋㅋㅋㅋ
갱지니,참고로 이거 상주 각 팀당 한명은 있어야된대
이수연,금요일 풀로 가믕
이수연,가능
갱지니,헤에 근로시간 바꿨어??
이수연,웅웅
이수연,화요일로
이수연,옮겼엉
이수연,그 주만
갱지니,나도 일단 기자재실 조교님한테 물어볼게..!
뀨영,헉 지금 
뀨영,제출해야하는거?
갱지니,응응...!
갱지니,좀 늦게 보내게 될듯..!
뀨영,나는 목요일 네트워크만 조정하면 
뀨영,다 됨
갱지니,엌..
갱지니,난 조교님이 아직 안읽으셨어...
갱지니,학교에서 전화왔어ㅋㅋㅋㅋㅋㅋㅋㅋ
뀨영,메일 안보내서????
갱지니,응 그런거같애
갱지니,그래서 사정설명했더니 일단은 비동의로 알고있으면 되나요?하셔서 네! 했더니 알겠다고 하시고 끊었어!
뀨영,아아 동의일경우에만
뀨영,보내는거임??
갱지니,음 수여니가 전화해서 물어봤을때
갱지니,비동의면 만약에 오프라인 개최시 오프라인/온라인 심사중에 어떤거 할지 쓰고 오프라인이면 시간 보내면된댔어
이수연,얍얍
뀨영,아아
갱지니,근데 아마도 비동의 많이 모이면 아예 온라인 개최로 바뀔수도 있다고 했으니까 시간 보내느거 보다 동의/비동의냐가 중요했던거같애!
갱지니,그래서 비동의라니까 알겠다하고 끊으신거같오!
뀨영,아하
갱지니,음 일단 확정으로 되는 시간으로만 보내놓을까..
갱지니,그때 시간 되는 사람이 추가로 상주서면 안되는건가??
이수연,되지 않을까?
뀨영,웅웅 되는시간 일단 보내놓자
이수연,기본 1명은 있어야되는거규
이수연,나머지야 뭐 있어도 되고 없어도 되고아밀까
갱지니,근데 우리 목요일 아침 되는사람 없어..?
갱지니,아침 10시때...
뀨영,난 아침가능
갱지니,규영쓰 목요일 아침 가능시간 언젠가염
갱지니,12시까지??
뀨영,나 네트워크 1시시작이라
뀨영,1시까진 가능
이수연,그럼 규영하고 나 바통터치 하면되겠네
갱지니,나도 목요일 12시부턴 가능
뀨영,오오 좋다
갱지니,사진
갱지니,한번씩 확인 부탁합니당 일단 올라온거 정리했는데
갱지니,난 금요일 근로 시간 조정되면 추가로 갈게!!
뀨영,난 맞아
뀨영,이모티콘
이수연,맞맞
갱지니,그럼 일단 이렇게 메일 보내놓을게!!
갱지니,오빠도 내가 맞게 적었을꺼야..!
갱지니,두세번씩 확인했으니까..!!ㅋㅋㅋㅋㅋㅋ
갱지니,방금 보냈더..!
이수연,잘했졍~
최교수,고마워~~
갱지니,Web발신
제 16회 공학경진대회 관련 공지 드립니다.
1. 공학경진대회를 오프라인이 아닌 전면 온라인으로 전환하여 개최하게 되었습니다.
상주시간표는 안보내주셔도 됩니다.
2. 온라인으로 진행함에 따라 보내주신 동영상으로 심사를 할 예정 입니다. 아직 안 보내주신 팀은 9.17(목) 24:00까지 보내주시고 기간이 더 필요하신 팀은 문의 전화 주시기 바랍니다.
갱지니,결국 온라인ㅋㅋㅋㅋㅋㅋㅋ
이수연,아니
이수연,미친거아냐
이수연,영상 어떻게해
이수연,ㅋㅋㅋㅋㅋㅋㅋㅋㅋㅋㅋㅋㅋㅋㅋㅋㅋㅋㅋㅋ
갱지니,ㅋㅋㅋㅋㅋㅋㅋㅋㅋㅋㅋㅋ
갱지니,영상으로 심사ㅋㅋㅋㅋㅋ
뀨영,온라인상주같은거업ㅂㅅ고
뀨영,그냥 저번에 보낸게
뀨영,끝임?
뀨영,ㅋㅋㅋㅋㅋㅋㅋㅋㅋㅋㅋㅋㅋㅋㅋㅋㅋㅋㅋㅋ
이수연,긍까
이수연,ㅋㅋㅋㅋㅋㅋㅋㅋㅋㅋㅋ
이수연,아닠ㅋㅋㅋㅋㅋㅋㅋ
이수연,어캐?
이수연,ㅋㅋㅋㅋㅋㅋㅋㅋㅋㅋㅋㅋㅋㅋㅋㅋㅋㅋㅋ
이수연,우리 설명영상
이수연,화질 너무 안좋아
이수연,그거 다시 보내도 괜찮을지
이수연,확인해봐
이수연,저걸로 심사받는거면
이수연,설명영상이 중요한데
뀨영,다시보내면 안되나 진짜??
이수연,저거 화질저래서
이수연,교수님들 화내실듯
갱지니,악...그건 인정..근데 기간 오늘저녁까지라는데 되려나..ㅜ
뀨영,그러면 그 피피티만
뀨영,지금 다시할까...?
이수연,으음
뀨영,내가 피피티넘기고 녹음하면서 다시 보내줄수는
뀨영,있음
이수연,그럼 이거 규영이가 다시 찍어줄 수 있으면 찍구
이수연,아니면 나한테 피피티 넘겨줘
이수연,대충 타이밍 맞춰서 피피티 넘기는거 찍고 음성 합치기 해볼게
뀨영,음 아예 피피티만 따로 해도 더ㅣ긴하겠다
뀨영,일단 그러면 4시반까지
뀨영,다시.해서
뀨영,보내줄겡
갱지니,파일: 설명PPT.pptx
이수연,어키어키 그럼 규영 부탁할겡
갱지니,일단 혹시 모르니까 전화해서 공경진 영상 제출 날짜에 맞춰서 보내긴했는데 영상으로 심사하기에는 화질이 너무 안좋아서 오늘안으로 다시 보내도 될지 물어봐볼까
뀨영,ㅇㅇㅇㅇ
이수연,얍얍
이수연,그리규
이수연,그 시연영상도
이수연,같이 다시 제출해도 괜찮냐고
이수연,물어봐주라
갱지니,꺄아아아아아아아아아아앙
이수연,애들이 개인정보
이수연,좀 가리라고 뭐라해서 ㅎ
갱지니,방금 전화해봤는데
이수연,응응
갱지니,음...시연영상은 다시물어봐야되나..?
뀨영,그냥
뀨영,같이다시보내면
뀨영,될듯?
갱지니,그 영상 다시보내도 되구
갱지니,기한도 넉넉히 주셨어!!!
갱지니,짱 착하셔
뀨영,오 다행이다
뀨영,이모티콘
갱지니,20일까지 보내면 월요일에 확인하시겠다고 하셨어!!
이수연,오오오
이수연,좋아좋아
갱지니,둘다 다시 찍어...!!!
이수연,난 그
이수연,나 처음에 우리 집 주소 나오는거 블러처리만 해서 올릴겡
갱지니,조아조아
이수연,동영상
뀨영,동영상
이수연,나 근로 시간 화요일로 옮겨서
이수연,아무래도 판넬제작하는거 못나갈거같은데
이수연,카톡으로 참여해도 괜찮나욤
갱지니,근데 갑자기 든 생각인데
이수연,생각해보니까
갱지니,온라인으로 하는데 판넬 만들어야되나..?
이수연,판넬 만들 필요가
이수연,없잖아?
이수연,????
이수연,았사
갱지니,ㅋㅋㅋㅋㅋㅋㅋ
이수연,일정 지우기
이수연,^^...
뀨영,ㅋㅋㅋㅋㅋㅋㅋㅋㅋㅋㅋㅋㅋ
뀨영,아싸
갱지니,영상 저거 두개 보내면 되는거야??
이수연,난 ㅇㅋ
이수연,혹시
이수연,우리 캡스톤처럼
이수연,jpg(?)로 올릴수도있으니까
이수연,일단 ppt로 만들어놓고
이수연,피뎊으로 따놓자
갱지니,그럴까??
이수연,응응
이수연,우리 캡스톤 할 때처럼
이수연,할지도 몰라
갱지니,근데 정리해서 파일로 만들어놔도 좋을꺼같긴해!!
이수연,웅웅
뀨영,오 그렇네
뀨영,좋아좋아
갱지니,우리 영상 더이상 수정안하죠~~?
뀨영,넴~~~
갱지니,3시쯤에 제출합니당!!
이수연,수정안하는데
이수연,나지금 돌려보는데
이수연,실행이 안된다^^?
이수연,왜이러지^^?
갱지니,응..?
갱지니,ㅋㅋㅋㅋㅋㅋㅋㅋ
이수연,ㅎㅎㅎㅎㅎ 모지^^..?
최교수,IP했어??
이수연,물론이지^^..
최교수,아 영상 실행이 안된다는 거야???
이수연,아니아니..?
이수연,앱 실행이
이수연,안돼
이수연,ㅋㅋㅋㅋㅋㅋㅋㅋㅋ큐ㅠㅠㅠㅠㅠㅠ
최교수,수정 한거 없으면 다시 풀 하면 되지 않을까??
이수연,옼옼,,
이수연,해본다,,
이수연,ㅏ
이수연,ㅏㅏ
이수연,아 이거
이수연,내 핸드폰이랑도
이수연,ip 맞춰야되는거지?
이수연,했담
갱지니,휴..다행이다ㅎㅎ
갱지니,사진
갱지니,그럼 나 영상 제출합니당~??
이수연,넴넴
이수연,뭐야 왜 시연이 더 길어
이수연,ㅋㅋㅋㅋㅋㅋㅋㅋㅋㅋㅋㅋㅋㅋㅋㅋㅋㅋㅋㅋㅋㅋㅋㅋㅋㅋㅋㅋㅋ
이수연,용량 왤케 커
갱지니,ㅋㅋㅋㅋㅋㅋㅋㅋㅋㅋ
갱지니,음....bgm..?
이수연,그런가..?
갱지니,보내써용
이수연,잘했어용
뀨영,이모티콘
갱지니,우리 내일 팜플렛 제작 하기로 한거 몇시에 만날지 안정했지??
최교수,우리 온라인으로 하는데
최교수,팜플렛 만들어야 하나??
이수연,정리해두면 좋기도하고 혹시 캡스톤때처럼 피뎊으로 올라갈지도 몰라서?
이수연,만드려고 했는디 안올라간대?
최교수,아 그럼 만드는게 좋겠다 난 이번에 사용 안하는 줄 알았어
이수연,나도 사용 하는지 안하는지 확실하게 아는건 아니라서 ㅋㅋㅋ 일단 나 내일 근로에 알바라 사진올려주면 피드백들어가는걸로 해도 괜찮나욤
갱지니,옆동네 친구한테 물어보고 왔는데여 뭐 만들어야할거 있냐고 연락을 드렸었다는데 안만들어도된다 고 하셨답니당
이수연,그렇답니당
뀨영,아하 그러면
뀨영,내일 안만나는거지??
이수연,맞지
이수연,근데
이수연,우리 교수님한테는
이수연,뭐 안말해도 돼?
뀨영,아 그러게
뀨영,너무 
뀨영,ㅋㅋㅋㅋㅋㅋㅋㅋㅋㅋㅋㅋㅋㅋㅋㅋㅋㅋㅋㅋㅋㅋㅋㅋㅋㅋㅋㅋㅋㅋㅋㅋㅋㅋㅋㅋㅋ
뀨영,너무 연락안드렸다
뀨영,그냥 결과물이라도 보여드릴까...?
이수연,ㅋㅋㅋㅋㅋㅋㅋㅋㅋㅋㅋㅋㅋㅋㅋㅋㅋㅋㅋㅋㅋㅋ
이수연,이정도면
이수연,교수님 ㄹㅇ 우리 잊으셔도 할 말 없어
이수연,ㅋㅋㅋㅋㅋㅋㅋㅋㅋㅋㅋㅋㅋㅋㅋㅋㅋㅋㅋㅋ
갱지니,ㅋㅋㅋㅋㅋㅋㅋㅋㅋㅋㅋㅋㅋㅋㅋㅋㅋ
갱지니,공경대 영상제출한거라도 올려...?
뀨영,깃 주소랑 영상제출한거라도....
이수연,ㅋㅋㅋ.ㅋ..ㅋ..ㅋ...
이수연,알려는 드려야지,,
갱지니,낼 아침에 설명/시연영상이랑 깃 주소올릴게..!
갱지니,이거 말씀드릴때 '제출한 영상(시연, 설명)이랑 지금까지 작업한 코드 올려놓은 깃 주소에요' 라고 하면 되려나..?
이수연,으음...
이수연,그랭!
갱지니,Web발신
유튜브에 영상 업로드를 완료했습니다.
각 팀장님은 영상에 오류가 없나 확인해 주시고 오류가 있을시에 문의 전화 주시기 바랍니다.
유튜브 링크 : https://www.youtube.com/channel/UCs47z3TIbG-r0jgEcUgf8qA/
갱지니,우리 영상 유튜브에 올라가는거였어..?
이수연,캡스톤때도
이수연,그렇게 했잖아?
갱지니,아..그렇네..
이수연,링크타고 들어가서 봤었는디
갱지니,이클래스 들어간것만 기억함ㅋㅋㅋㅋㅋ
갱지니,링크타고 들어갔었구나..
이수연,ㅋㅋㅋㅋㅋㅋㅋㅋㅋㅋㅋㅋ
뀨영,뭐야 벌써 
뀨영,올라가고있는거임?
뀨영,ㅋㅋㅋㅋㅋㅋㅋㅋㅋㅋㅋㅋㅋㅋㅋㅋㅋㅋㅋㅋㅋㅋㅋㅋㅋㅋㅋ
뀨영,앵간 떨리네
이수연,ㅋㅋㅋㅋㅋㅋㅋㅋㅋㅋㅋㅋㅋㅋㅋㅋㅋㅋㅋ
이수연,난 고모프 실습 빨리 제출하고
이수연,튀어야된다는게 더 떨려
이수연,겨수님 일찍 끝내주세요..
갱지니,근데 우리..설명 영상 예전거같아보이는거 나뿐이야..?
이수연,나 아직 확인 안해봤는데
이수연,화질 깨져?
갱지니,응응...
이수연,전화걸어서
이수연,문의해봐
이수연,!!
갱지니,문의 드려서
갱지니,수정본 설명영상 다시보내드리기로 했어!
이수연,잉!
이수연,그때 보낸거 아니였나!
갱지니,그 수정된거로 하신거라고는 하시는데
갱지니,다시 삭제하고 지금 보내드리는걸로 다시 올려주신대
이수연,후움
갱지니,파일명이 같아서 헷갈리셨을수도...
이수연,알겠엉!
뀨영,아아 그래도 
뀨영,다행이다
이수연,누가 보기전에
이수연,얼른 치워야지 ㅋㅋㅋㅋ큐ㅠㅠㅠㅠㅠㅠ
갱지니,그래도 시연영상은 수연이 집주소 가려진거로 잘 올라갔어ㅋㅋㅋㅋ
이수연,ㅋㅋㅋㅋㅋㅋ 다행이다
이수연,고딩애들이 보더니
이수연,세상의 무서움을 모른다고 난리쳐서 ㅎ
갱지니,ㅋㅋㅋㅋㅋㅋ맞아..집주소는 함부로 공개하면안되..!
이수연,ㅋㅋㅋㅋㅋㅋㅋㅋ
이수연,우리 이거 온라인으로 할 때 상주 서는거 아니지?
이수연,계속 접속해있어야 되는거 아니지?
갱지니,글쎄...?
갱지니,캡스톤처럼 하는거면 누가 질문했을때 답변 달아주면 되지 않을까..?
갱지니,구체적으로 어떻게 할거라는 말은 들은게 없어서..ㅎ
이수연,으음 그땐 실시간으로 했던것도 있었던거같은데,,,,
이수연,으음
이수연,으으ㅡㅁ
뀨영,교수님 카톡온거 어쩌지....?
갱지니,으음...어쩌지...
뀨영,지금 다시 영상 보낸다해도
뀨영,가능한가....?
이수연,으음.. 동영상 둘 다 문제인거지?
이수연,이거 영상 또 올릴 수 있는건가
이수연,흠!
뀨영,그러게🤔.....
갱지니,일단 어제 설명영상 수정본 보내드린걸로 바꿔서 올려주셨어...
갱지니,https://www.youtube.com/watch?v=a1FOqRgm27A
갱지니,이거 소리 많이 안들려..??
이수연,이어폰 끼고 좀 크게 올려야 들리긴해
갱지니,내가 평소에 크게 듣나보네...ㅋㅋㅋ
뀨영,음.... 그럼 그냥 이대로 가자...~!
뀨영,교수님께는 뭐라 답해야할지 모르겠네 ^^;
이수연,ㅋㅋㅋㅋㅋㅋㅋ 맞지..
이수연,대표 출격..!
갱지니,나도 뭐라고 답해야할지 모르겠는걸...?ㅎ..
뀨영,솔직하게 그냥 지금 수정어렵다고 하기...?
뀨영,아니면 그냥 알겠다고 하고 냅두기
최교수,우리 벌써 결과 나왔나바~~
갱지니,응응 생각보다 빨리 나왔어!!
최교수,다들 준비하느라 고생했어!!ㅎㅎ
뀨영,다들 고생많았오~~~~~~~
뀨영,이모티콘
갱지니,다들 고생했오~ㅎㅎ
이수연,고생했듐
갱지니,이모티콘
이수연,추석 지나고,,
이수연,다들 덜 바쁘면
이수연,또 방탈출 ㄱ,,
최교수,ㅋㅋㅋㅋㅋㅋㅋㅋ
최교수,이모티콘
이수연,우리도 뒷풀이 해야지~^0^
이수연,물론 안바쁠때,,
이수연,ㅋㅋㅋㅋㅋㅋ큐ㅠㅠㅠㅠㅠㅠㅠㅠㅠ
이수연,과제 안끝나 왜
갱지니,넽웤..?
이수연,응......
최교수,과제 두개 끝내면 3개 추가되고 있어ㅎ
갱지니,난 내일 고모프 중간고사...ㅎ
이수연,그건 나도..ㅎ
이수연,근데 넽웤도 안끝났어,,ㅎ
이수연,근데 2시간 뒤에 알바가,,
갱지니,그 안에 끝내자...!
이수연,가능..?
이수연,ㅋㅋㅋㅋㅋㅋㅋㅋㅋㅋㅋ
갱지니,지금 몇번하는중인데..?
이수연,4번..?
이수연,ㅋㅋㅋㅋㅋㅋㅋㅋㅋ
갱지니,4번 끝내면 그래도 5번은 금방할꺼야..!!
이수연,4번이 안끝나!
뀨영,나도 어제 ㄹㅇ개오래걸림
이수연,ㅋㅋㅋ큐ㅠㅠㅠ
이수연,고모프는 언제하며
이수연,넽웤은 언제하는가...
갱지니,사진
갱지니,방금 받아쏘
최교수,온르 학교 왔어 ?
이수연,갸악
이수연,저건
이수연,상상부기 노트인가
최교수,아까 확인해 보니까 무선 충전기던데
이수연,?????
이수연,저렇게 크고 납작한..?
갱지니,ㅋㅋㅋㅋㅋㅋㅋ
최교수,ㅋㅋㅋㅋㅋㅋㅋㅋ
최교수,거진 박스 포장이야 ㅋㅋ
이수연,ㅋㅋㅋㅋㅋㅋㅋㅋㅋ
이수연,진차
이수연,엄청나네,,
이수연,맞아 갱지나
이수연,다음에 저거 줄 때 상장도 들고 와 줄 수 있져?
이수연,사진찍을랳
이수연,^)^
갱지니,알아쏘!
갱지니,담주 수요일에 수여니 학교 나오지??
이수연,넹!
이수연,난 월요일에도 나가
이수연,아 그건 다다음주다
이수연,갸악
갱지니,ㅋㅋㅋㅋㅋㅋㅋ
갱지니,그럼 수여니는 수요일에 줄껭!
갱지니,삭제된 메시지입니다.
갱지니,나 담주 수금 근무라!!
뀨영,경진이 근로 맞춰서 
뀨영,받으러가면 되는거야??
뀨영,학교갈일이없어 ㅠㅠㅋㅋㅋㅋ
이수연,앜ㅋㅋㅋㅋㅋㅋㅋㅋ
이수연,그러자
이수연,규영이는 빨리받으려면 그거밖에 없겠다
뀨영,우리 이번학기에 
뀨영,대면 수업은
뀨영,안하나?
이수연,코로나 다시 세자리수 되서,,
이수연,하려나
갱지니,조금 늦게 받아도 되면 우리 회식할때 전해줘도 되구..!!
최교수,이번 학기까지는 안할것 같은데
뀨영,그럼 난 
뀨영,회식~!
이수연,난 근로~
최교수,그럼 시험 끝나고 회식 하는거야 ?
이수연,아무래도
이수연,중간기간이니까
이수연,끝나고 하는게..?
갱지니,그럼 규영이꺼는 내가 잘 보관하구 있다가 담에 만날때 줄겡!!
갱지니,수여니는 담주에 가져가구!
뀨영,이모티콘
이수연,검마엉
이수연,이모티콘
갱지니,사진
이수연,이모티콘
뀨영,되게 뭐 많이준다
갱지니,우리...
갱지니,상금 어째...?
이수연,엔빵
이수연,아니 이게
이수연,만나서 못노니까
뀨영,앗 그러게.... ㅠㅠ
갱지니,그냥 내가 50000원 1/n해서 12500원씩 보내줄겡!! 우리 만나려면 한참 걸릴듯....ㅠ
이수연,넴녜...ㅠ
이수연,나...놀고싶다....
갱지니,나도...놀고싶다....
이수연,뿌앵
뀨영,나두 진짜 놀고싶다 ㅠㅠ
뀨영,아쉬워
이수연,ㅠㅠ
이수연,우리 빨리..
이수연,교수님..
이수연,주제..
뀨영,1월...2일에 회의
뀨영,어떠신가용
이수연,좋아용....
이수연,낄낄
갱지니,나는 아무때나 가능!!
이수연,몇시에
이수연,회의해?
최교수,저도 괜찮아요
이수연,???
갱지니,점심 이후에..?
이수연,time...
이수연,그게...몇...시....
갱지니,늦잠잘꺼같으니...ㅋㅋㅋㅋ
이수연,ㅋㅋㅋㅋㅋㅋㅋㅋㅋㅋㅋ
이수연,what..time....
갱지니,3~4시..?
이수연,늦은 오후....
이수연,일단 일정은 없어
이수연,낄낄
갱지니,ㅋㅋㅋㅋㅋㅋㅋㅋㅋ
갱지니,사실 나도 아무때나 상관없엉
갱지니,집에만 있는걸!
이수연,ㅋㅋㅋㅋㅋ 맞지
갱지니,규영이랑 오빠는 시간 언제가 편해??
이수연,그니까
뀨영,나는
뀨영,하루종일 상관없어~~~
이수연,^0^
갱지니,3시에 할까??
이수연,나 시간 안정해져서 지금 나와있는데
이수연,들어가면 5시나 6시 쯤 될거같은데 ㅎ
갱지니,앜ㅋㅋㅋㅋㅋㅋㅋ
갱지니,그럼 아예 저녁먹고 하는걸로?
이수연,옼키
뀨영,그럼
뀨영,8시~9시 사이에 ㄱㄱ
이수연,ㅇㅋㅋ
이수연,오빠는 왜 자꾸 안나타나는겨..
이수연,우리랑 하기 싫은겨..?
최교수,아니 ㅋㅋㅋㅋ
최교수,이제야 봤어 미안ㅠㅠ
최교수,혹시 5시 쯤에 가능 할까??
최교수,저녁 먹기 전에
뀨영,난 가능
최교수,너무 늦게만 아니면 될것같아
갱지니,나도 가능
이수연,오
이수연,안될 가능성이 크긴한데
이수연,일단 폰으로 디코 접속은 할 수 있을듯
최교수,그럼ㅋㅋ 저녁에 하자ㅋㅋ 언제쯤 가능해 ??
이수연,집 도착하면 6시쯤??
뀨영,6시에 하나용?
뀨영,아니면 저녁먹고?
갱지니,저녁먹고 7시~8시 사이??
뀨영,난 좋
최교수,저두 괜찮아요 7시에 만날까요 
최교수,?
이수연,ㅇㅋㅋ
뀨영,구랭~~
갱지니,ㅇㅋㅇㅋ
최교수,나 잠시만
이수연,ㅇㅇㅋ
갱지니,파일: 0617_한성대2020캡스톤디자인-작품발표회_내지 인쇄용.pdf
이수연,얔ㅋㅋㅋ
이수연,ㅋㅋㅋㅋㅋㅋㅋ
이수연,사진
이수연,ㅋㅋㅋㅋㅋㅋㅋㅋㅋㅋ
이수연,ㅋㅋㅋㅋㅋㅋㅋㅋ
이수연,이게 되네^;;;;;;^
최교수,ㅋㅋㅋㅋㅋㅋ 막상 하려니가 두렵네;;;ㅋㅋㅋ
이수연,ㅋㅋㅋㅋㅋㅋ
이수연,일단 생각 더 해보겠다고...메일 드릴게...
갱지니,ㅋㅋㅋㅋㅋㅋㅋㅋㅋㅋ
뀨영,와....이게되네......
이수연,ㅋㅋㅋㅋㅋㅋ 그니가..ㅋㅋㅎㅎㅋㅎㅎㅋㅋㅋ
이수연,어후 무섭다
뀨영,우리 그러면 주제를 조금 더 생각해봐야하겠지...?
뀨영,주제생각나는대로 한번 말해볼게
뀨영,^^...ㅠ
이수연,ㅎㅋㅋㅋ...ㅠ
이수연,진짜 허무맹랑해도...일단 던지자...
뀨영,1. 아두이노 초음파 센서랑 카메라 인식같은걸로 컵 면적?용량?을 계산해서 내가 원하는 만큼(0~100%)의 물을 따라주는 기계....^^
2. 메모장에 물품 목록을 쓰고 사진을 찍으면 알아서 체크해주는 어플 (ex. 캐리어/가방)
2-1. 준비물을 다 카메라로 검사받고 들어가야 입장할 수 있는 그런...~ 마스크의 연장선 (ex. 수능장 입실 - 수험표, 컴싸, ....) 
암튼 뭔가 준비물이 있고 그게 다 필요해야하는 그런 시험장에 검사해주는 느낌으로다가 (부정행위 검출까지 가능!)
3. 옛날 사진을 분석해서 몇년도인지 추측해주는 웹/앱
뀨영,3개 준비해봤습니다
뀨영,이모티콘
이수연,2, 3 좋고..
이수연,낄낄
뀨영,와 나 1 생각하고 
뀨영,사장님돼서 외제차타는거까지 
뀨영,상상완료했는디
뀨영,!
이수연,ㅋㅋㅋㅋㅋㅋㅋㅋㅋㅋㅋㅋㅋㅋㅋㅋㅋㅋㅋㅋㅋㅋㅋㅋ
갱지니,ㅋㅋㅋㅋㅋㅋㅋㅋㅋㅋㅋ
갱지니,규영이 아이디어 뱅크네...
뀨영,이모티콘
이수연,문 자동으로 닫아주는 장치..
이수연,림덜 우리 내일은 교수님한테 메일 한 번 더 보내야대
이수연,아니지 오늘
이수연,아이디어 쥐어짜내기....
뀨영,아악
뀨영,좀 더 생각해볼게....
뀨영,이모티콘
이수연,ㅎㅎㅋㅋ...ㅋ....
이수연,으악이다 으악
최교수,아니면 오늘 한번 더 만날래??
이수연,나 오늘 알바있숴
이수연,ㅋㅋ큐ㅠㅠㅠㅠ
뀨영,그럼 내일 낮은 어떠신가용....
갱지니,난 가능!!
이수연,내일 낮?
이수연,근로를 못갈 가능성이 크니까
이수연,가능!
최교수,나도 가능
뀨영,내일 1시? 아니면 2시 어때
이수연,아니면
이수연,나 알바 취소돼서
이수연,오늘 저녁도 됨
뀨영,오
뀨영,난 가능
갱지니,나도 가능
최교수,나도 가능
최교수,언제 할래??
최교수,저녁 먹고??
갱지니,저녁 먹고 8시쯤??
이수연,ㅇㅋㅋ
뀨영,지금 하는거 
뀨영,맞나여?
갱지니,맞지않아?
뀨영,일단 난 준비완료
뀨영,~!
갱지니,나도!
이수연,뭐야
이수연,왜 아무것도 안하고 있숴
이수연,므여
최교수,잠시 와이파이 이상해서
최교수,나갔다 들옴
이수연,ㅇㅋㅋ
이수연,너희들과 한번 zoom으로 미팅했으면 하는데
언제 괜찮을까?
나는 언제라도 좋으니, 연락해줘.
이수연,연락왔다~
이수연,언제가 좋아^?^
뀨영,세상에
갱지니,헐
이수연,ㅋㅋㅋㅋㅋㅋㅋㅋㅋㅋㅋㅋㅋㅋㅋㅋ
뀨영,나도
이수연,알지?
뀨영,언제든 가능
이수연,캠 켜야되는거
이수연,ㅋㅋㅋㅋㅋㅋㅋㅋㅋㅋㅋㅋㅋㅋㅋㅋㅋㅋㅋㅋㅋㅋㅋㅋㅋㅋㅋㅋㅋㅋㅋㅋ
뀨영,^^ㅠ....
뀨영,주말은 빼줘...
최교수,ㅋㅋㅋㅋㅋㅋ
이수연,일단 내가 월화목안되고..
최교수,나도 월화수 
이수연,다음주는 금요일도 안돼서
최교수,안됨
뀨영,엇
이수연,그럼 다음주는 아예안되네^^..?
이수연,ㅋㅋㅋㅋㅋㅋㅋㅋㅋㅋㅋㅋ
뀨영,주말에 해야하나
최교수,ㅋㅋㅋㅋㅋㅋㅋㅋㅋㅋㅋ
이수연,오빠 월급 들어온거 앎?
최교수,앎
뀨영,교수님 괜찮으시려나
이수연,ㅋㅋㅋㅋㅋㅋㅋㅋㅋㅋㅋㅋ
이수연,ㅇㅋ
이수연,글쎼..
최교수,근데 농담안하고
최교수,20만원 남았어
최교수,ㅋㅋㅋㅋㅋ
갱지니,ㅋㅋㅋㅋㅋㅋㅋㅋㅋㅋㅋ
이수연,괜찮아
최교수,(주륵..)
이수연,난 저돈이
이수연,내돈이 아니야..
이수연,^^...
이수연,학교돈이야^^..
이수연,다시 학교로 흘러갈 내 월급^^..
이수연,여튼 그럼
이수연,진짜 주말아니면..
이수연,시간이 없네^^..
뀨영,난 주말도 괜찮아
이수연,난 상관은 없어
이수연,낄낄..
이수연,어떻게 할까?
갱지니,난 일단 오늘만 아니면 되...
최교수,ㅋㅋㅋㅋㅋ 나도...
이수연,그건..
이수연,나도야..
이수연,머리터져..
이수연,ㅋㅋㅋㅋㅋㅋㅋㅋ
뀨영,나두.....
뀨영,내일부턴 상관업성
이수연,시간대는?
뀨영,11시이후면
뀨영,상관x
이수연,양일 다?
뀨영,ㅇㅇㅇ
이수연,ㅇㅋㅋ
이수연,다른 사람들은?
최교수,나도 괜찮
갱지니,나도 가능!
이수연,ㅇㅋㅋㅋ
이수연,그럼 9일 10일 11시 이후로 말씀드릴게
최교수,알겠게
이수연,ㅋㅋㅋㅋㅋㅋㅋㅋㅋㅋㅋㅋㅋㅋ
갱지니,넴넴
뀨영,이모티콘
이수연,림덜
이수연,오늘 8시나 9시
이수연,미팅가능?
이수연,교수님 껴서
이수연,그리고 교수님이 카톡 단톡방 파래서
이수연,파겠숩
뀨영,와우
이수연,ㅋㅋㅋㅋㅋㅋㅋㅋ
뀨영,머리감아야지
이수연,7시 안에 답장 없으면
최교수,와우 오늘???
이수연,전화걸거다
이수연,얍얍
뀨영,난 가능
이수연,방금 전화했어
이수연,낄낄..
이수연,8시 or 9시..
최교수,줌으로??
이수연,얍얍
이수연,줌으로 할거야
최교수,나도 가능하긴 해
갱지니,나도 가능은 해
이수연,몇시?
이수연,림덜..?
이수연,왜 가능하다고 하고 사라지는거야..
최교수,난 다 가능
이수연,ㅇㅋ 다음
뀨영,나도
갱지니,난 지금 밥먹는중이라ㅋㅋㅋㅋ나도 8시도 상관없엉
뀨영,다가능다가능
뀨영,미팅 ㄱㄱ
이수연,ㅇㅋㅋ
이수연,그럼 8시로 말씀드릴게
뀨영,교수님께 인사드려야할까
이수연,ㅋㅋㅋㅋㅋㅋㅋㅋㅋㅋ.....
이수연,나도몰라....
최교수,머라 인사 드리냐....
뀨영,ㅋㅋㅋㅋㅋㅋㅋㅋㅋㅋㅋㅋㅋㅋㅋ
갱지니,ㅋㅋㅋㅋㅋㅋㅋㅋㅋㅋ
이수연,ㅋㅋㅋㅋㅋㅋㅋ
이수연,어흑
최교수,그래도 인사는 드려야할것 같은데
뀨영,오케이
최교수,내가 이니시 한다ㅋㅋㅋㅋㅋ
이수연,옼
이수연,ㅋㅋㅋㅋㅋㅋㅋㅋㅋㅋㅋㅋㅋㅋ
최교수,ㅋㅋㅋㅋㅋㅋㅋㅋㅋㅋ
최교수,아 나 몰랑 
이수연,이욜~
최교수,ㅋㅋㅋㅋㅋ
이수연,ㅋㅋㅋㅋㅋㅋㅋㅋㅋ
이수연,난 조용히
이수연,있어야지..
이수연,ㅋㅋㅋㅋㅋㅋㅋㅋ
이수연,으악으억
이수연,으악
뀨영,숨막혀
뀨영,스폰지밥좋아하시나
최교수,카톡 잘못 치면 인생 종친다 진짜 
최교수,카톡방 구분 잘해야 겠다 ㅋㅋㅋ
이수연,사진
이수연,^^...
이수연,다덜
이수연,설정해...
이수연,ㅋㅋㅋㅋㅋㅋㅋㅋㅋㅋㅋ
이수연,사진 5장
이수연,골라잡아^0^
최교수,ㅋㅋㅋㅋㅋㅋㅋ
최교수,나이스 
이수연,ㅋㅋㅋㅋㅋㅋ
갱지니,ㅋㅋㅋㅋㅋㅋㅋㅋㅋㅋㅋㅋㅋ
이수연,어흐 쫄린다
최교수,다들 들어 갔어 ?
갱지니,아직!
이수연,나도 아직
이수연,한 57분쯤에 들어갈 생각
최교수,근데 우리 이제 방학때
최교수,매일 학교 가야 하는 건가 ?
이수연,코로난데?
최교수,ㅋㅋㅋㅋㅋ
최교수,그거 상관 쓰실까 ?
최교수,아닌가
이수연,하셔야지..?
이수연,정부 지침인디..?
최교수,ㅋㅋㅋㅋㅋㅋ
최교수,맞네
최교수,모이면 안되겠네 
이수연,ㅋㅋㅋㅋㅋㅋㅋㅋㅋㅋㅋㅋㅋㅋ
최교수,근데 우리 4명이라고
이수연,교수님까지 하면
최교수,매일 학교와서 
최교수,하라고 하면
이수연,5명인데
이수연,교수님 무조건 참관하실걸..?
이수연,ㅋㅋㅋㅋㅋ
최교수,ㅋㅋㅋㅋㅋㅋ
최교수,보통 황기태 교수님 밑에 있으면 학교 매일 가긴 하던데 
갱지니,ㅋㅋㅋㅋㅋㅋㅋ
최교수,나 입장 기다리는 중
갱지니,나도
이수연,언제쯤 입장하죠..?
뀨영,나도 
최교수,그러게요...
뀨영,내가 뭐 잘못건드렸나했네
이수연,ㅋㅋㅋㅋㅋㅋㅋㅋㅋㅋㅋ
이수연,카톡 드려봐야하나^?^
이수연,대기중이라고^?
최교수,교수님이 안킨거 아닐까?
이수연,아 됐ㄷ
뀨영,됨?
최교수,됐어 ?
최교수,난 안됐는데 
이수연,들어와졌는데?
최교수,???
이수연,저거 승현이네 건가부다 ㅋㅋㅋㅋ
최교수,와우 
이수연,어으
최교수,9개 따 까였네 
이수연,전 그렇게 고차원적이지 못해요 교수님..
이수연,ㅋㅋㅋㅋㅋㅋㅋㅋㅋㅋㅋㅋㅋㅋ
뀨영,황교수님 개빡셈 ㄷㄷ
갱지니,ㅋㅋㅋㅋㅋㅋㅋㅋㅋㅋㅋㅋ
이수연,끌끌..
이수연,당신들
이수연,열정 어디갔숴
이수연,ㅋㅋㅋ큐ㅠㅠㅠㅠㅠㅠ
최교수,스케일을 좀더 키워야 겠는데 ㅋㅋㅋ
뀨영,저 아직 열정가득~!
이수연,ㅋㅋㅋㅋㅋㅋㅋㅋㅋ
뀨영,제가 꼭 찾아내겠습니다
최교수,나는 우리가 할수 있는 내에서만 생각해서 
뀨영,^^
이수연,좋아~!
최교수,ㅋㅋㅋㅋ
이수연,그치
이수연,그럼 지금부터는
이수연,각자 불편했던거..
이수연,생각해보자..
이수연,ㅋㅋㅋㅋ큐ㅠㅠㅠㅠㅠㅠㅠ
최교수,ㅋㅋㅋㅋㅋㅋㅋㅋㅋㅋㅋ
이수연,각자 한개씩이라도
이수연,가져요기^^!
이수연,ha
이수연,스트레스....
뀨영,좋아
뀨영,ㄹㅇ 
뀨영,지금까지 생각해서 낸게 저건디
이수연,ㅋㅋㅋㅋ큐ㅠㅠㅠㅠㅠㅠㅠ
이수연,졸작 퍼펙트로
뀨영,ㄹㅇ 진짜 
이수연,끝내자 우리^0^
뀨영,부자될생각으로 
뀨영,한다
이수연,ㄹㅇ
최교수,ㅋㅋㅋㅋㅋㅋㅋㅋㅋㅋ
최교수,플렉스 하자 
뀨영,아이디어... 생각해본사람?
이수연,놉...
이수연,진짜 생각 아무것도 안나..
이수연,세상엔 편리한게 너무 많은걸..?
뀨영,인정...ㅠㅠㅋㅋㅋㅋㅋㅋㅋ
이수연,이건 진짜 답이 없다...
이수연,원래 있던 아이디어 보충이라도 해봐야되나..
뀨영,으음 그러게 ㅠㅠ....
뀨영,내일 황교수님이랑 몇시쯤에 미팅하려나
뀨영,미팅하기전에 먼저 모여서 얘기 좀 나눠보는건 어때.....??
이수연,미팅 하려나..?
이수연,메일 드려본것도 아니라
이수연,언제가 될지..모르겠는데..?
갱지니,으음 당장 내일 하기는 힘들지 않을까 싶은데
이수연,아무래도..>
뀨영,앗 그래?
뀨영,지난주에 담주에 하자고하지않으셨었음?
뀨영,기억조작인가
최교수,지난주에 담주 금요일에 보자고 나도 들은것 같긴 한데ㅠ
최교수,정말 보기 싫다ㅋㅋㅋㅋㅋ
뀨영,앗 나두 그래서 내일 하는줄....ㅋㅋㅋㅋㅋㅋㅋ
이수연,그냥 하시는 말씀이 아니였남
이수연,그럼 내일 시간 정해야되는데
최교수,그른가??
뀨영,그럼 지금
이수연,나 내일 근로나가서 4시에끝나면
뀨영,담주에 언제시간되는지 정해야하지않아???
이수연,집 도착하면 5시넘을텐디
최교수,오! 수연 내일 근로??
최교수,나도 5시 이후에 가능
이수연,근데 우리가 아이디어를 낸게 없어서
최교수,할것 같아
이수연,ㅋㅋㅋㅋㅋㅋㅋㅋㅋㅋㅋㅋ
최교수,ㅋㅋㅋㅋㅋ
뀨영,말씀드려야 할 느낌인디
뀨영,ㅁㅈ
뀨영,그게 큰일
이수연,맞지 오빠 근무^0^
갱지니,수여니 이번주 내내 근로ㅋㅋㅋㅋ
이수연,다음주도
최교수,조금더
최교수,생각 해 본다 할까??
이수연,금요일 빼고 다 근로야~^~~^
이수연,근데 솔직히 우리
뀨영,난 찐으로 금요일에 보자 땅땅 해버리신줄
이수연,생각 할 ㅅ ㅜ있어?
이수연,난 금요일에 보자는게
이수연,아이디어 생각나면?
뀨영,아아
이수연,그런 느낌으로 생각하고 있어서
이수연,아이디어가 없서요 교수님...
최교수,ㅋㅋㅋㅋㅋ
최교수,아 몰랑~~
이수연,저희 뵐 수 있는거겠죠..? 이러고있었엌ㅋㅋㅋㅋㅋㅋㅋ
갱지니,나도 마지막에 메일로 다시 날짜 정해보자 이런식으로 들었어서..
갱지니,ㅋㅋㅋㅋㅋㅋㅋㅋㅋㅋ
이수연,근데 우리 아이디어 더 안나오면 굳이 더 끌 필요없이
이수연,지금까지 나왔던 아이디어 좀 더 보충해서
이수연,교수님 더이상은 생각할 수가 없습니다..
이수연,하고 저희는 이것 중에 해야할 것 같습니다..
이수연,시전해야지 뭐
이수연,ㅋㅋㅋㅋㅋㅋ큐
뀨영,ㄹㅇ
갱지니,저한테는 독창성과 창의성이라는 것이 부족한것 같습니다..
뀨영,이정도로 생각안날줄은
이수연,ㅋㅋㅋㅋㅋㅋㅋㅋ
이수연,갱진이
이수연,아이디어
이수연,진짜 하나도 안나왔서
이수연,ㅋㅋㅋㅋㅋㅋㅋㅋㅋㅋㅋㅋㅋㅋㅋㅋㅋㅋㅋㅋㅋㅋㅋㅋㅋㅋㅋㅋㅋㅋㅋㅋㅋㅋㅋㅋ
이수연,솔직히
이수연,주입식교육의
뀨영,엇 그렇네
이수연,폐혜라고 이거
이수연,제가 배운거라곤
뀨영,ㄹㅇ
뀨영,ㅇㅈ
갱지니,그 예시가 나다 이말이야
이수연,산수밖에 없슴니다.
이수연,전 납득을 제일 잘해요!
뀨영,솔직히 캡스톤한거 찾아봤을때도
이수연,창의력은 없다구오
뀨영,이거 개잘했다 기립박수
이수연,아 솔직히
뀨영,이런거 못본거같은데
이수연,없서
이수연,진짜
이수연,다들 걍
이수연,고만고만하지
이수연,ㅋㅋㅋㅋㅋㅋ큐ㅠㅠㅠㅠㅠㅠ
뀨영,생각해내려니가 ㄹㅇ 죽을맛
이수연,특히 소프트웨어로는
이수연,더 없어..
이수연,있을만한건 이미 다 있고..
이수연,그렇다고 우리가 기계를 만들것도 아니고..ㅋㅋ큐ㅠ
뀨영,아 인정~!
이수연,우리 그냥
이수연,지금까지 나온 아이디어중에서
이수연,세개 뽑아서 보충하는걸로 하자^^..
갱지니,구랭...
이수연,오늘 중으로 미팅가능한 시간~작성좀여~
뀨영,나는 다 가능
이수연,나는 5시 반 이후~
최교수,나도
갱지니,5시반 이후면 아마 다 가능할듯
이수연,ㅇㅋㅋ
이수연,그럼 저녁 먹고 해 아님
이수연,그 전에 해?
갱지니,오래 걸릴것 같으면 먹고 하는게 낫지 않아?
이수연,글머
이수연,그럼
이수연,저녁 먹고
이수연,8시?
이수연,9시?
뀨영,음....8시?
이수연,ㅇㅋㅋ 8시
갱지니,ㅇㅋㅇㅋ
이수연,최
이수연,지
이수연,호
이수연,씨
이수연,디
이수연,코
이수연,들
이수연,어
이수연,오
이수연,세
이수연,요
이수연,@최교수
이수연,@최교수
뀨영,1 -> 규모 작고 될지 모르겠음
2 -> 인식률이 걱정된다
3 -> 해볼만한데 규모가 작다
4 -> 너무 뻔하다
5 -> 음성 인식 api쓰지 않고 따로 개발해서 추가해보는건 괜찮을지도
6 -> 만들어서 버릴까봐 걱정된다.
(+ 카트에 얼마 담겼는지 확인해주는 어플은 어떨까)
7 -> 흥미가 안느껴진다
8 -> 마스크 안쓰면 끝일 것 같다
9 -> 뭔소린지 잘 모르겠지만 의미는 있을 것 같다
뀨영,사진
이수연,1. 스마트 정수기 아두이노 초음파 센서와 카메라 에지 검출을 통해 컵의 면적/용량을 계산해 어떤 컵이든 사용자가 원하는 만큼의 물(0~100%)을 따라줌
2. 스마트 준비물 메모장 메모장에 물품 목록을 쓰고 캐리어(가방) 사진을 찍으면 물체들을 인식해 알아서 점검해주는 어플 (시험장에 필요한 준비물들을 검사하는 상황에서도 응용 가능, 부정행위 방지 기능 추가)
3. 사진 분석기 옛날 사진을 분석해서 사물, 옷, 건물 등의 정보로 몇 년도 사진인지 추측해주는 웹/앱
4. 스마트 거울 현재 시각과 해당 날짜의 날씨, 일정을 거울에 띄우고 날씨와 일정을 고려하여 의상을 추천해 줌
5. 사용자의 음성 인식하여(예시: 시리, 빅스비) 간단한 일을 작동하도록 하는 장치(불 꺼주기, 문 닫아주기, 알람 맞추기)
6. 셀프 계산 계산대를 이용하지 않고 자신의 핸드폰으로 제품의 사진을 찍어 해당 제품을 장바구니에 담고 핸드폰으로 결제함
7. 여행 어플 최근 혼자 여행하는 사람이 많아짐에 따라 박물관에서 MP3같이 음성으로 설명해주는 기계와 같이 사용자의 위치를 받아와 주변 유명 유적지, 관광지 등을 소개, 추천해주고, 사용자가 사진을 업로드하면 그 사진과 관련있는 장소에 대해 설명함
8. 마스크 알리미 매장, 사무실 등에서 마스크를 쓰지 않는 사람을 구별해 내어 마스크를 쓰지 않은 상태면 경고음을 울림
9. 현실 Ctrl + F 내가 원하는 글자를 입력하고 카메라를 갖다 대면 글자를 인식해 표시해주는 앱 (도서관에서 책을 찾을 때나 종이 문서에서 특정 단어를 찾을 때 적용 가능)
10. 사진 & 영상 구도, 색감
11. 인증 어플
이수연,이중에서 세개
이수연,고르기
이수연,5, 6, 11
갱지니,5, 9, 11
최교수,5, 6, 9
뀨영,3 9 11
이수연,3 5 6 9 11
이수연,5, 9, 11
이수연,https://kr.mathworks.com/help/deeplearning/ug/deep-learning-speech-recognition.html
갱지니,파일: SDK 판넬.pdf
뀨영,https://youtu.be/hS4d3xAZgCg
뀨영,1. 음성인식 (통화내용 기록까지)
2. 그림그려서 웹/앱 코드 짜주기
3. 수식 이미지 넣으면 풀이
이수연,방금 통화했는데
이수연,이번에도 기각
이수연,그래서 그냥
 우리끼리 하고싶은거 + 4명이서 역할 분담 할 수 있는거 2-3개 뽑아서
이수연,수요일 밤쯤에 다시 미팅하기로 함
뀨영,와.....^^;~~
뀨영,뭐라고하시면서 기각됐나여.....
이수연,음...
이수연,고냥 별 말 없이..?
이수연,ㅎㅋ
뀨영,앗....
이수연,ㅋㅋㅋ...
뀨영,우리 그러면 회의를
뀨영,한번더 해야하는건가?
이수연,교수님 미팅전에 내가 시간이 안나서
이수연,카톡으로 진행하던지 해야될거같은데
뀨영,아아
이수연,너네만 괜찮으면 오늘 내일 오전 12시도
이수연,가능^^
뀨영,ㅋㅋㅋㅋㅋㅋㅋㅋㅋㅋㅋㅋㅋㅋㅋ난 가능하긴해...^^....
이수연,ㅋㅋㅋㅋㅋㅋㅋㅋ
이수연,어떻게 할까
최교수,내일 할래??
갱지니,나도 가능
뀨영,내일 새벽에??
이수연,내일 새벽이면
이수연,19일에서 20일 넘어가는
이수연,12시 말하는거지?
이수연,웨
이수연,아무도
이수연,대답 안훼...
갱지니,난 19~20 새벽도 가능해!
뀨영,난 새벽엔 다 가능
이수연,그럼
이수연,너네 먼저 얘기하고 있엉
이수연,알바 끝나고 디코 접속할게
뀨영,알바끝나면 몇시정도야??
뀨영,다들 며칠이 편한가용
이수연,나 알바 끝나면
이수연,빠르면 9시 늦으면 10시 반
최교수,나도 새벽에는 다 가능
뀨영,그럼 내일 ㄱㄱ?
최교수,ㄱㄱ
갱지니,넴넴
이수연,나 갑자기 생각난거 써놓을게
원하는 정거장 두 정거장 전에 깨워주는 어플...
뀨영,혹시 자느라 지하철역 지나친건 아니지...?
뀨영,ㅋㅋㅋㅋㅋㅋㅋㅋㅋㅋㅋㅋㅋㅋㅋ
뀨영,나한텐 ㄹㅇ 유용하다
이수연,ㅋㅋㅋㅋㅋㅋㅋㅋㅋㅋㄴㅋㅋㅋㅋㅋㅋㅋㅋㅋㅋㅋㅋㅋㅋ
이수연,ㄹㅇ
이수연,아니 피곤해서
이수연,졸다 깨면 지나쳐있고 그래...
이수연,물론 오늘은아님...
이수연,사운드 받아서
이수연,두정거장 전에 깨워주기...ㅋ.ㅋ..ㅠㅠㅠ
이수연,+ 핸드폰으로 현재 어느역 지나고 있는지...
갱지니,이건 실제로 사용가능ㅋㅋㅋㅋㅋㅋ
이수연,확장이 버스까지밖에 안된다는게
이수연,흠이긴한데
이수연,이거 실제로 있으몀
이수연,잘팔릴거같음
이수연,ㅎㅋㅋㅋ...
뀨영,ㅋㅋㅋㅋㅋㅋㅋㅋㅁㅈ 나도 근데 맨날 무슨역인지몰라서
뀨영,지도로 실시간위치라도 봄....ㅋㅋㅋㅋㅋㅋ
이수연,ㅋㅋㅋㅋㅋㅋㅋㅋㅋㅋㅋㅋㅋㅋ
이수연,나도 가끔...ㅎㅋㅋㅋㅋ
뀨영,아 그럼 오늘 
뀨영,밤에 회의하는거지??
뀨영,11시쯤 어떤가용
갱지니,좋아용
이수연,ㅇㅋ
이수연,늦게 끝날거가트므로...
이수연,하고있으세요...............ㅋㅋ큐ㅠㅠㅠ
이수연,벗어나고싶다
뀨영,ㅇㅋㅇㅋ
뀨영,수연 
뀨영,몇시쯤 접속 가능?
이수연,10분?
뀨영,아 생각보다
뀨영,빠르네
이수연,ㅋㅋㅋㅋㅋㅋㅋㅋㅋㅋ
이수연,왴ㅋㅋㅋㅋㅋ
뀨영,그럼 일단 뭐할지 
뀨영,얘기 시작하고있어볼게용
뀨영,~~
이수연,12 14 15
뀨영,9 12 13 14
갱지니,9, 13, 15
최교수,1.음성인식 (통화내용 기록까지)
2.그림그려서 웹/앱 코드 짜주기
3.수식 이미지 넣으면 풀이
최교수,12,13,14
이수연,다덜 8시 안잊었지?
뀨영,예스~~
뀨영,준비중
이수연,ㅋㅋㅋㅋㅋㅋㅋㅋㅋ
이수연,나도 준비중
이수연,아제발 빨리 끝내주세요...
이수연,할거 많아요..
뀨영,캠 안켜고싳다
뀨영,ㅠㅋㅋㅋㅋㅋ
뀨영,ㅇㅈ
뀨영,빨리끝내주세용~~~~
이수연,ㄹㅇ 캠도 키기 실흠...
뀨영,이러다가
뀨영,잠옷입고
뀨영,캠켜겠음
이수연,ㅋㅋㅋㅋㅋㅋㅋㅋㅋㅋㅋㅋ
이수연,안돼 규영ㅋㅋㅋㅋㅋㅋㅋㅋㅋㅋ
이수연,너무 잠!!!!!!옷!!!!!!
이수연,한거는 안된다..알겠지..
뀨영,ㅋㅋㅋㅋㅋㅋㅋㅋㅋㅋㅋㅋㅋㅋ
뀨영,설마 잠옷일까?
뀨영,싶은옷은
뀨영,가능한가여
이수연,ㅋㅋㅋㅋㅋㅋㅋㅋㅋㅋㅋㅋㅋ
이수연,그정도는
이수연,인정해드림^^..
갱지니,ㅋㅋㅋㅋㅋㅋㅋㅋㅋㅋㅋㅋㅋㅋㅋㅋ
뀨영,일단 오늘은
뀨영,바지만 잠옷으로
뀨영,^^;
이수연,ㅋㅋㅋㅋㅋㅋㅋㅋ
이수연,난 잠옷이지만 잠!!!!옷!!!!!은 아닌거 같은걸로
최교수,다들 들어 갔어 ?
이수연,ㄴㄴ 아직
이수연,회의 시작을 안하신거같은디
뀨영,휴
이수연,아 이제 켜셨네
이수연,교수님 오디오 연결 한세월걸리시네
이수연,시발
이수연,제가
이수연,시간이
이수연,안된다구요..
뀨영,주말 가능?
최교수,가능
갱지니,나도 주말 가능
이수연,토요일 안돼
최교수,일요일 ?
뀨영,금 아니면 일
최교수,난 일 가능
최교수,금은 힘들것 같은데 ;;
갱지니,난 둘다 가능
이수연,후^^......
이수연,진짜
이수연,짜증난다
최교수,일요일로 할래 ??
이수연,그럼 일요일 밖에 안되네
이수연,아ㅏㅏㅏ
이수연,진짜
이수연,짜증나
이수연,후씁
갱지니,후....
이수연,진짜
이수연,순식간에
이수연,욕나갔네
뀨영,ㅋㅋㅋㅋㅋㅋㅋㅋㅋㅋㅋㅋㅋㅋㅋㅋㅋㅋㅋㅋㅋㅋㅋㅋㅋㅋㅋㅋㅋ
뀨영,지금 
갱지니,ㅋㅋㅋㅋㅋㅋㅋㅋㅋㅋㅋㅋㅋㅋㅋㅋㅋㅋㅋㅋㅋㅋㅋㅋㅋㅋㅋㅋㅋㅋㅋㅋㅋㅋㅋㅋㅋㅋ
뀨영,회의가능?
최교수,ㅇㅇㅇ
이수연,ㅇㅇ...
뀨영,뭐 하는사람 없으면 
이수연,디코로
뀨영,지금 ㄱㄱ
이수연,헤쳐모여...
뀨영,나 컴퓨터로 
뀨영,갈아타서 올게
뀨영,^^ㅠ
이수연,얍^^..
이수연,사진
이수연,http://waifu2x.udp.jp/index.ko.html
이수연,사진
이수연,https://scholar.google.com/
https://www.researchgate.net/
이수연,-논문 사이트(영어검색)
뀨영,음성인식 - 디코나 줌 같은데서 말할때 내 목소리만 추출돼서 들리게 해주는거 (잡음제거 음성처리 느낌~) 
홈트레이닝 앱 - 카메라로 전신보이게 하고 자세가 흐트러지면 카운트가 안됨!
뀨영,아이디어 제출....~~
뀨영,일단 던져볼게용
뀨영,이모티콘
이수연,알람...
이수연,안맞아...
갱지니,ㅋㅋㅋㅋㅋㅋㅋㅋㅋㅋㅋㅋㅋ
이수연,을지로 3가 지났는데
이수연,왜 탑승 1분43초 전...
갱지니,ㅋㅋㅋㅋㅋ시간 안맞으면 쓸모없는기능...
뀨영,앗
뀨영,안되는 기능이었던거야?? ㅋㅋㅋㅋㅋㅋㅋㅋ
이수연,시간표 대로 알람되는거라
이수연,실제랑 다름..ㅋㅋㅋㅋㅋㅋ
뀨영,앗....
뀨영,기대했는데 아쉽넹
뀨영,들어가는중~~~
이수연,오늘은 10시부터요~
최교수,저 오늘 참여 못 해요ㅠㅠ
이수연,억윽엑
뀨영,앗
이수연,고롬 우리끼리 얘기하고 카톡에 결과 공유할테니까
이수연,그때 오빠의견 피력ㄱㄱㄱ
최교수,알겠어ㅠㅠ
최교수,나도 그때 같이 아이디어 생각 해서 좋은거 있음 올릴게
이수연,ㅇㅋㅋ
갱지니,이따 봅시당
뀨영,넹~~
뀨영,<오늘 회의 내용>
(1) 서기 돌아가면서 맡기로 함! 
교수님 회의 기준으로 한명씩 돌아가면서 맡으면 됨(다음 교수님 회의 전까지는 서기 이규영 -> 끝날 때 서기가 다음 서기 지목)
(2) 주제 정하기
1. 모든 영상에서 적용 가능한 실시간 자막 어플 
2. AI 영상 편집
3. 음식 사진 찍으면 칼로리, 음식 성분 알려주기
우리가 3개 뽑은걸로는 이정도였는데 오빠 의견 말해주면 될듯?
그 외 아이디어 (여기서 말해줘도됨!)
- 영상 화질 높이기(업스케일링)
- 홈트레이닝앱
이수연,고로타
뀨영,내일 오후 2시까지 말해주면 
뀨영,감사
뀨영,우리 어제 정했던 3가지로 교수님한테 보내면 될듯
뀨영,제가 보내나요 아니면 수연님이 보내나용
이수연,잉
이수연,우리 미팅할 때 얘기하면 되는거 아니야?
이수연,미리 보내놓는게 좋으려나
뀨영,아
뀨영,그렇네
뀨영,미팅할때 말씀드려도 될듯...?
뀨영,어차피 미리 봐놓으시진않으니까....
이수연,야합
갱지니,응응
이수연,다덜
이수연,일어나계시죠?
최교수,저 지금 들감니다
뀨영,벌써 열림??
이수연,ㄴㄴ 아직
뀨영,휴
이수연,ㅋㅋㅋㅋㅋㅋㅋ
뀨영,오늘도 정말 거지꼴
이수연,나도
뀨영,어디까지 
이수연,^^...
뀨영,거지가 될 수 있을지 
최교수,ㅋㅋㅋㅋㅋㅋ
뀨영,이제 잠옷입기 직전이다
이수연,ㅋㅋㅋㅋㅋㅋㅋㅋㅋㅋㅋㅋㅋㅋㅋ
갱지니,ㅋㅋㅋㅋㅋㅋㅋㅋㅋㅋㅋㅋㅋㅋ
최교수,여기가 바로 4얼간이들인가
이수연,뭔댘ㅋㅋㅋㅋㅋㅋㅋㅋㅋㅋㅋ
이수연,사간이들....
이수연,아 나 ㄹㅇ 자고 일어난지
이수연,7분 지났어
이수연,근데 교수님이 주무시나
최교수,근데 나 먼가 이렇게 회의 사라지면 하는 바람도 있음....
최교수,더이상 까이기 싫다
이수연,ㅋㅋㅋㅋㅋㅋㅋㅋㅋㅋㅋㅋㅋㅋㅋㅋㅋㅋㅋㅋㅋㅋㅋ
이수연,ㄹㅇ..........
이수연,나도...
이수연,더이상은..never..
뀨영,ㅋㅋㅋㅋㅋㅋㅋㅋㅋㅋㅋㅋㅋㅋㅋㅋㅋㅋㅋㅋㅋ
이수연,ㄹㅇ 식사하시거나
이수연,주무시나
최교수,아 들간다
이수연,ㅏ
이수연,그러네
이수연,ㄲㅐ비
최교수,나 줌 끊겨서 나갔다 들어올게
뀨영,모든 소리를 다 자막으로 달거냐
뀨영,아니면 
뀨영,특정 어떤거만 달거냐
뀨영,이소리 아니심?
이수연,그거 아닌듯..?
뀨영,그러게
이수연,그냥안될거같다고 하는거가틍ㄴ데
뀨영,ㅋㅋㅋㅋㅋㅋㅋㅋㅋㅋㅋ
뀨영,그거네...
이수연,졸라
뀨영,그렇네.....
이수연,돌려말하지 마시라구요
이수연,.....
뀨영,정말 예상치 못한
뀨영,질문
이수연,^^
이수연,아니 오디오캐치인거 같다고 말씀드렸는데
뀨영,이제는 되니까 
이수연,왜 자꾸
뀨영,상위버전에서 
이수연,뭐라는거여
뀨영,되는거 아님?
이수연,ㅇㅇㅇ
이수연,10부터 되는거니까
이수연,음 오늘도 역시나~
뀨영,ㅋㅋㅋㅋㅋㅋㅋㅋㅋㅋㅋㅋㅋㅋㅋㅋㅋㅋㅋㅋㅋㅋㅋㅋ
갱지니,ㅋㅋㅋㅋㅋㅋㅋㅋㅋㅋㅋㅋㅋㅋㅋㅋㅋㅋㅋㅋ
이수연,미안한거 맞냐구~!
최교수,오 아이디어 던져준다ㅋㅋㅋㅋ
뀨영,우리 회의록 냈떤거에서 많이 달라지진 않았는데
뀨영,되게
이수연,결국
뀨영,괜찮은 아이디어 같이 들림
뀨영,교수님효과
이수연,저거로 하겠군
이수연,이래서 사람은
뀨영,ㅋㅋㅋㅋㅋㅋㅋㅋㅋㅋㅋㅋㅋㅋㅋㅋㅋㅋㅋㅋㅋㅋㅋㅋㅋㅋㅋㅋㅋㅋㅋㅋㅋㅋㅋㅋㅋ
이수연,박사를 따야해
뀨영,ㅇㅈ
이수연,ㅋㅋㅋㅋㅋㅋㅋㅋㅋㅋㅋㅋㅋㅋㅋㅋㅋㅋㅋㅋㅋㅋ
최교수,ㅋㅋㅋㅋㅋㅋㅋ
최교수,일단 오케이 할까 ??ㅋㅋㅋㅋ
갱지니,ㅋㅋㅋㅋㅋㅋㅋㅋㅋㅋㅋㅋㅋㅋㅋㅋㅋㅋㅋㅋㅋㅋㅋㅋ
이수연,해야지 뭐
이수연,ㅋㅋㅋㅋㅋㅋㅋㅋㅋㅋㅋㅋㅋ
뀨영,교수님 화면 공유하신거 
뀨영,캡처떠줄사람 
최교수,나
이수연,사진
이수연,?
최교수,내가 할께오오
이수연,그래요오
뀨영,폰이라서 이거 
뀨영,폰 들면
뀨영,카메라 지진이여
뀨영,^^;....
이수연,아앗
뀨영,교수님 MQTT에 빠지심
이수연,그니까
이수연,ㅋㅋㅋㅋㅋㅋㅋㅋㅋㅋㅋㅋ
갱지니,ㅋㅋㅋㅋㅋㅋㅋㅋㅋㅋㅋㅋㅋㅋㅋㅋㅋ
이수연,저번에도
이수연,하셨던 말씀
이수연,ㅋㅋㅋㅋㅋㅋㅋㅋㅋㅋㅋㅋㅋㅋㅋㅋㅋㅋ
이수연,오
이수연,교수님
이수연,일을 키우지 맙시다
이수연,사람기분 파악하는 것도
이수연,힘들다구요...
뀨영,모스시때 했던건가?
뀨영,.....?
갱지니,응응
갱지니,ㅋㅋㅋㅋㅋㅋㅋㅋㅋ
이수연,심지어 그때도
이수연,딥하게 안했던거같은데
갱지니,살짝만 해봤었던거 같음
이수연,??????????????????????????//
이수연,????????????????/
이수연,????????????????/
이수연,IPP?
이수연,?????????/
갱지니,ippㅋㅋㅋㅋㅋㅋㅋㅋ
이수연,잘못들은거지?
최교수,나 모스시에서 mqtt해서 이거 코드 있어 
이수연,오
이수연,개꿀 뭐야
갱지니,오오
뀨영,오우
이수연,설득하고 계신다
뀨영,결국은
뀨영,황교수님의 뜻대로
뀨영,^^~
뀨영,난 근데
뀨영,좋음
뀨영,교수님 아이디어
뀨영,대찬성!
갱지니,나도 괜찮음
이수연,ㅋㅋㅋㅋㅋㅋㅋㅋㅋㅋㅋ
뀨영,교수님 이미 
뀨영,머리에 
뀨영,어떻게 할지
이수연,결정났어
뀨영,다 그리심
이수연,우리는 이거 해야해
이수연,ㅋㅋㅋㅋㅋㅋㅋㅋㅋㅋㅋㅋㅋㅋㅋㅋㅋㅋㅋㅋㅋㅋㅋㅋㅋㅋㅋㅋㅋㅋㅋㅋㅋㅋㅋㅋㅋㅋㅋㅋㅋㅋㅋㅋㅋㅋㅋㅋ
갱지니,ㅋㅋㅋㅋㅋㅋㅋㅋㅋㅋㅋㅋㅋㅋㅋ
이수연,우리 어떻게 굴릴지
뀨영,이미
이수연,이미 다 생각했어
이수연,ㅋㅋㅋㅋㅋㅋㅋㅋㅋㅋㅋㅋㅋㅋㅋㅋㅋㅋㅋㅋ
뀨영,mqtt 코드 
뀨영,보라고
뀨영,점점 들이미시는중
이수연,ㅋㅋㅋㅋㅋㅋㅋㅋㅋ
이수연,걱정하시는거 아닌거 같은데
이수연,ㅋㅋㅋㅋㅋㅋㅋㅋㅋㅋㅋㅋㅋㅋㅋㅋㅋㅋ
이수연,이거 그냥
이수연,초기에
이수연,회의록 저장하는거
이수연,아니냐
뀨영,우리가 처음에 냈떤 그 
뀨영,회의록 저장하는거랑 
뀨영,엄청 다른것같진않느느김
뀨영,감정분석만
이수연,ㅇㅇ...
뀨영,추가된거같기두
이수연,감정분석도 그냥
뀨영,mqtt로 하면되겠다고 
뀨영,번뜩하신듯
이수연,ai..
이수연,ㅋㅋㅋㅋㅋㅋㅋㅋㅋㅋㅋㅋㅋㅋㅋㅋㅋ
이수연,진짜
이수연,교수님 이렇게 신나신거
이수연,오랜만에 봄
뀨영,이미 오늘 회의 시작할때부터 
갱지니,엄청 신나셨어ㅋㅋㅋㅋㅋㅋ
뀨영,이걸 위한
뀨영,빌드업
이수연,이미
이수연,결정난거같은데..?
이수연,설득 그만..
이수연,이거 할거락우요..
뀨영,할게요ㅠㅠ~~
갱지니,ㅋㅋㅋㅋㅋㅋㅋㅋㅋㅋ
뀨영,하겠따구여ㅠㅠ~~
이수연,이미
이수연,탕탕탕이라구요
이수연,ㅋㅋㅋㅋ큐ㅠㅠㅠㅠㅠㅠㅠ
뀨영,세계관 확장
뀨영,장난아니시네
이수연,ㅋㅋㅋㅋㅋㅋㅋㅋㅋㅋㅋㅋㅋㅋㅋ
갱지니,ㅋㅋㅋㅋㅋㅋㅋㅋㅋㅋㅋㅋㅋㅋ
이수연,이거 무조건
이수연,앱이였네
이수연,빼박이였네
이수연,음
이수연,무려
이수연,3주..?
이수연,간의 ...
이수연,...
이수연,디코로 집합......
이수연,불가능한사람/.....
뀨영,ㄱㄴ
뀨영,대신
뀨영,컴퓨터
뀨영,켜야됨
뀨영,잠깐!
이수연,ㅇㅋㅋㅋㅋㅋㅋㅋ
이수연,다녀오셈요~!
최교수,사진
최교수,사용 되는 기능
1. 딥러닝 : 감정표현, (그 외에 딥러닝 관련해 할 것이 있을까??)
2. 프로필 부분에 감정 이모티콘 설정, 실시간 그룹통화에서 실시간으로 감정에 따른  이모티콘 표현 
3. 줌 방식에 기반한 방 만들기 형식
4. 그룹 통화 텍스트 파일을 만들어 클라우드에 올리고 어플에서는 이미지 대화형식으로 보이게 하고  
기타 기능: 음성변조
(딥러닝, 네트워크, 앱(ios, 안드로이드) 개발, 클라우드(텍스트 서버에 저장 등등))
최교수,사용 되는 기능
1. 음성을 인식하여 텍스트로 바꾸어 주는 기능 (딥러닝)
2. 프로필 설정 부분에서 감정 이모티콘의 종류를 설정할 수 있고 그룹통화시에 참여자의 음성을 분석해 말하는 사람의 감정을 이모티콘으로 표현해주는 기능 . (딥러닝)
3. 줌 방식에 기반해서 방 만들기 기능 (네트워크)
4. 그룹통화를 종료하면 통화중에 출력된 텍스트들을  파일로 저장하고 어플에서 저장된 파일을 열면 카톡 대화창처럼 보여주는 기능.(파일 입출력)
사용된 기능: 딥러닝, 네트워크, 파일 입출력, 앱(ios, android) 개발
최교수,사용 되는 기능
1. 음성을 인식하여 텍스트로 바꾸어 주는 기능 (딥러닝)
2. 프로필 설정 부분에서 감정 이모티콘의 종류를 설정할 수 있고 그룹통화시에 참여자의 음성을 분석해 말하는 사람의 감정을 이모티콘으로 표현해준다. (딥러닝)
3. 줌 방식에 기반한 방 만들기 기능 (네트워크)
4. 그룹통화를 종료하면 통화중에 출력된 텍스트들을  파일로 저장하고 어플에서 저장된 파일을 열면 카톡 대화창처럼 보여주는 기능.(파일 입출력)
사용된 기능: 딥러닝, 네트워크, 파일 입출력, 앱(ios, android) 개발
최교수,사용 되는 기능
1. 음성을 인식하여 텍스트로 바꾸어 주는 기능 (딥러닝)
2. 그룹통화시에 참여자의 음성을 분석해 말하는 사람의 감정을 이모티콘으로 표현해준다. (딥러닝)
3. 줌 방식에 기반한 방 만들기 기능 (네트워크)
4. 그룹통화를 종료하면 통화중에 출력된 텍스트들을  파일로 저장하고 어플에서 저장된 파일을 열면 카톡 대화창처럼 보여주는 기능.(파일 입출력)
사용된 기능: 딥러닝, 네트워크, 파일 입출력, 앱(ios, android) 개발
뀨영,오늘... 우리 회의
뀨영,없겠지?
이수연,오늘...?
이수연,내일 아냐..?
뀨영,아 내일
뀨영,!
뀨영,교수님 아직까지...답장이없으시다니
이수연,내말이..ㅋㅋㅋㅋㅋㅋㅋㅋ
이수연,내일 점심에 또
이수연,~~~하는거 아닌가 몰라
이수연,다덜 접속중인가
뀨영,벌써 켜짐?
뀨영,지금
뀨영,들어가는중
이수연,아직 회의 안여신듯 ㅇㅇㅇ
뀨영,휴
이수연,ㅋㅋㅋㅋㅋㅋㅋㅋㅋ
이수연,오늘도
최교수,아 스터디 하는데 졸려 죽을뻔 했네
이수연,늦으시는 구만~^^
이수연,ㅋㅋㅋㅋㅋㅋㅋㅋㅋㅋ오빠 나 나갈때 캠 꺼져있던데
이수연,자러간거였어^0^?
최교수,ㅇㅇ 10분 자고 들어오니까 너 없던데??
이수연,ㅋㅋㅋㅋㅋㅋㅋㅋㅋㅋㅋㅋㅋㅋㅋㅋㅋㅋㅋㅋㅋㅋㅋㅋㅋ
최교수,ㅋㅋㅋㅋㅋㅋ
이수연,교수님도 자러가셨남^^
최교수,들어가면 말좀
이수연,ㅇㅋㅋ
이수연,그냥 갑자기 든 생각인데 우리가 제안한 기능
이수연,빠꾸먹으면 어케?
이수연,ㅋㅋㅋㅋㅋㅋㅋㅋㅋㅋㅋㅋㅋㅋㅋㅋㅋㅋㅋㅋㅋㅋㅋㅋㅋㅋㅋㅋㅋㅋㅋㅋㅋㅋㅋㅋㅋㅋㅋㅋㅋㅋㅋㅋㅋㅋㅋㅋㅋㅋ
뀨영,우리 추가한거 
뀨영,이모티콘 말고 
뀨영,더있나?
이수연,방 생성 방식..?
뀨영,아아
이수연,파일 저장..?
뀨영,설마 
뀨영,그정도 가지고....
이수연,ㅋㅋㅋㅋㅋㅋㅋㅋㅋㅋㅋㅋ
이수연,그치..?
이수연,설마~^0^
이수연,식사하고 오시나
뀨영,5분은 
뀨영,기본인가
이수연,교수님 수업할때도
최교수,이모티콘
이수연,그러시더나
이수연,끌끌....
이수연,빨리 끝내고
이수연,자고싶은데오..
최교수,이모티콘
뀨영,ㄹㅇ 오늘은 
뀨영,별말 없으셨으면 좋겠다
이수연,ㅇㅈ..
이수연,혹시 나 회의 내일로 말한거 아니지..?
이수연,화요일의 내일은 수요일 맞는디...
최교수,나 자러 갈래...
이수연,안돼....
이수연,돌아와.....
뀨영,10분까진
뀨영,기다려볼만해
이수연,ㅋㅋㅋㅋㅋㅋㅋㅋㅋㅋㅋㅋㅋㅋㅋㅋㅋㅋㅋㅋㅋㅋㅋ
뀨영,이모티콘
이수연,이렇게 30분..
이수연,ㅋㅋㅋㅋㅋㅋㅋㅋㅋ
뀨영,난 일단
뀨영,스터디 공부
뀨영,하면서 기다려야겠다
최교수,10분 땡 되면 스르륵 자볼게
뀨영,^^;....
최교수,오
이수연,ㅋㅋㅋㅋㅋㅋㅋㅋㅋㅋㅋㅋㅋㅋㅋㅋㅋㅋ
이수연,너네 범위너무
이수연,에바라니까...
최교수,규영 노력 짱이네
뀨영,내일인데
뀨영,이제 시작한걸
뀨영,^^~
이수연,ㅋㅋㅋㅋㅋㅋㅋㅋㅋㅋㅋㅋㅋㅋㅋㅋㅋㅋㅋㅋㅋㅋㅋㅋㅋㅋㅋㅋㅋㅋㅋㅋ
이수연,그것도.. 노력이지^^~!
최교수,아직 안켜셨어??
이수연,응..
이수연,이쯤되면
이수연,카톡 드려야겠다^^
이수연,16일에 근로 통으로 빼고 23일에 나올까 훔
최교수,흠...
최교수,이대로 꿈나라로 떠나면 되는건가요??
이수연,교수님 주무시는거 같은데?^?^
이수연,ㅋㅋㅋㅋㅋㅋㅋㅋㅋㅋㅋㅋㅋㅋㅋㅋㅋㅋㅋㅋㅋㅋㅋㅋㅋㅋㅋㅋㅋㅋ
최교수,ㅎㅎㅎ
이수연,오우야
최교수,저도 주무시러 갈래요~~~~
이수연,ㅇㄴㅋㅋㅋㅋㅋㅋㅋㅋㅋㅋㅋㅋ
이수연,전화를 드려야되나
이수연,삽에반디
이수연,^^;
뀨영,ㄹㅇ
뀨영,뭐지
최교수,ㅋㅋㅋㅋㅋ
최교수,딱 전화 드리고
이수연,혹시 집안일 생기셨나^?^
최교수,안 받으시면
이수연,ㅋㅋㅋㅋㅋㅋㅋㅋㅋㅋㅋㅋㅋㅋㅋㅋㅋㅋㅋㅋㅋㅋㅋㅋㅋㅋ
이수연,13분까지 회의 안열리면 전화 드린다
이수연,저 카톡 1은 교수님일거 아냐
이수연,오늘 튜터링 영상 찍을거였는디
이수연,교수님 좀 빨리 시작하고 빨리 끝내시면 안될까요
갱지니,나 튜터링 영상 찍다가 멈추고 켰는데...ㅋㅋㅋㅋ
이수연,ㅋㅋㅋㅋㅋㅋㅋㅋㅋㅋㅋㅋㅋㅋㅋ
뀨영,ㅋㅋㅋㅋㅋㅋㅋㅋㅋㅋㅋㅋㅋㄹㅇ 오늘
뀨영,안켜질각인데
갱지니,ㅋㅋㅋㅋㅋㅋㅋㅋㅋㅋㅋㅋㅋㅋ
이수연,ㄹㅇ 까먹고 계셨어
이수연,ㅋㅋㅋㅋㅋㅋㅋㅋㅋㅋㅋ
이수연,이제 켜질거야^^
이수연,ㅋㅋㅋㅋㅋㅋㅋㅋㅋㅋㅋㅋㅋㅋㅋㅋㅋㅋㅋㅋㅋㅋㅋㅋ
최교수,전호ㅏ 걸었어??
이수연,ㄹㅇ 딱 재질이 다른거 하시다가 화들짝 하신 느낌
이수연,얍
이수연,전화 했지^^...
뀨영,ㅋㅋㅋㅋㅋㅋㅋㅋㅋㅋㅋㅋㅋㅋㅋㅋㅋㅋㅋㅋㅋㅋㅋㅋ
뀨영,엇
뀨영,들어가진다
이수연,ㅋㅋㅋㅋㅋㅋㅋㅋㅋㅋㅌㅌㅌㅌㅌㅌㅌㅌㅌㅌㅌ
최교수,이대로 안드가졌음 했는데 ...
이수연,ㅋㅋㅋㅋㅋㅋㅋ
갱지니,ㅋㅋㅋㅋㅋㅋㅋㅋㅋㅋㅋㅋ
이수연,꿈은 이뤄지지 않았다
이수연,오빠 작성하고 있지?
최교수,ㅇㅇ
이수연,ㅇㅋㅋ
이수연,우리 아무것도 안하는데 왜 혼나?
뀨영,ㄱㄴㄲ
이수연,교수님 시동 걸리셨네
이수연,어흑
이수연,아오 이놈의 한국인들은
이수연,한글 드럽게 좋아하네
이수연,워드 좀 쓰라고
갱지니,ㅋㅋㅋㅋㅋㅋㅋㅋㅋㅋㅋㅋㅋㅋ
이수연,;;;
이수연,출근을 시키시네
뀨영,와우
최교수,ㅎㅎㅎㅎㅎㅎㅎ
최교수,ㅎㅎㅎㅎㅎㅎㅎㅎㅎㅎㅎㅎㅎㅎㅎㅎㅎㅎㅎ
최교수,ㅎㅎㅎㅎㅎㅎㅎㅎㅎㅎㅎㅎㅎㅎㅎㅎㅎㅎㅎㅎㅎㅎㅎㅎㅎㅎㅎㅎㅎㅎㅎㅎㅎㅎㅎㅎㅎㅎㅎㅎ
이수연,교통비 주세요
이수연,저 한달 교통비 9만원 넘게 나오는데요
이수연,;;
최교수,everyday
갱지니,ㅋㅋㅋㅋㅋㅋㅋㅋㅋㅋㅋㅋㅋㅋㅋㅋㅋㅋㅋㅋㅋㅋㅋㅋㅋㅋㅋㅋㅋㅋㅋㅋㅋㅋㅋㅋㅋㅋㅋㅋㅋㅋㅋ
이수연,교수님 저도 일정 있는데요?
최교수,ㅎㅎㅎㅎㅎㅎㅎㅎㅎㅎㅎㅎㅎㅎㅎㅎㅎㅎㅎㅎㅎㅎㅎㅎㅎㅎㅎㅎㅎㅎㅎㅎ
갱지니,후......
이수연,저 사람 아닌가요?
이수연,오 아니라네
최교수,너무 좋당ㅋㅋㅋㅋㅋ
최교수,오우야
이수연,ㅎㅎㅎㅎ
갱지니,이야
이수연,나 과로사 할듯
갱지니,월화수목금금금
최교수,월화수목금금금
최교수,ㅋㅋㅋㅋ
이수연,여러분 안녕 전 떠납니다^^;
이수연,하늘에서 봐요
이수연,^^;
이수연,규영 수고..ㅎ
갱지니,화이팅...
이수연,디코로 집합
이수연,MQTT 설명해주시지 마세요
이수연,젭알
이수연,진짜
이수연,아니
이수연,ㅋㅋㅋㅋㅋㅋㅋㅋ
이수연,떠먹여 주면 안된다면서 자꾸 입앞으로 들이미시네
이수연,...?
이수연,급강의
뀨영,으악
이수연,ㅋㅋㅋㅋㅋㅋㅋㅋㅋㅋ
이수연,ㅇㄴ
이수연,오늘 영상찍긴 글렀네
뀨영,솔직히 
뀨영,매일매일은 
뀨영,에바자나
최교수,2번 시그널 프로세스인것같다
3번 그룹 통화기능 드로잉 톡?? 활동하는 동안에 파이얼 베이스에 개설된 방 정보가 올라가고
끝나면 해체 통화 녹화하는건 나중에 텍스트를 저장하는건 가능
일 나누기 분담, 지금부터 공부하고 전체적인 구현 계획을 세우고 거기까지 우선 해서 
검사를 받기 일종의 제한서를 쓴다 
1 제목
2 개요 : 어떤 목적으로 어떤한 것이 만들어지는지....  동기가 들어가야 한다(왜 이러한 프로그램을 만드는지)
3 요소들을 설명하고 그림으로 그릴수 있음 좋다
4소프트 웨어나 시스템의 구조를 그림으로 그려라, 작동 과정이 어떻게 이루어지는지 설명
ai 해석 서버를 만들어 놓고 오픈api만들어 줄테니까 이용해서 이것만 해도 충분할수도 있다.
할일: 다자통화, ai해석하는거, 텍스트 스피치, 등등
일정도 쓰고 담당자 정하고 당장 1차 공부계획 구체적으로 정해야 하고 해당하는 부분의 논문을 읽어라
 제안서는 글을 쓰는게 아니라 생각을 정리하는거다 글을 쓰는 연습도 해라 
제안서는 아래 한글로 써라 그림은 파워포인트로 그려라 보낼게 두가지 그림은 파워포인트 제안서는 ppt로
만들면 안된다. 제안서 최소 5페이지.......
mqtt 기본 개념 공부하고 mqtt사용하는 오픈된 서버가 있음 안드로이드 웹에서 테스트용으로 쓸수 있다
브로커는 모스키토를 사용한다
이클립스에서 모스키토를 다운받으면 위의 클라이언트들도 쓸수 있다 테스트 하고 오기
뀨영,~~
최교수,일단 그냥 말하는ㄱ ㅓ다 받아 적음
이수연,ㅋㅋㅋㅋㅋㅋㅋㅋ
이수연,ㅇㅋ
이수연,디코 집합
이수연,아 생각해보니까
이수연,이번주 오빠 토요일 못오는구나
이수연,^0^
이수연,예약 다시 하겠숩
뀨영,앗 맞네
이수연,변경 신청해놨서
이수연,파일: 210127 회의(교수님+@).hwp
갱지니,사진
갱지니,-이수연 작품-
이수연,ㅋㅋㅋㅋㅋㅋㅋㅋㅋㅋㅋㅋ
뀨영,ㅋㅋㅋㅋㅋㅋㅋㅋㅋㅋㅋㅋㅋㅋㅋㅋㅋㅋㅋ
뀨영,와 벌써 눈이
뀨영,저만큼쌓임?
이수연,ㅋㅋㅋㅋㅋㅋㅋㅋ 앵간 쌓였지
이수연,지금은 많이 녹았슴
뀨영,아 까비
뀨영,나 그리고 라섹하고나서 한동안
뀨영,선글라서끼고 학교가야돼
뀨영,^^;....
뀨영,같이 창피해주라
이수연,ㅋㅋㅋㅋㅋㅋㅋㅋㅋㅋㅋㅋ
갱지니,ㅋㅋㅋㅋㅋㅋㅋㅋㅋㅋㅋ
이수연,당당하게
뀨영,이모티콘
이수연,인싸 라이프를 즐기자 규영
이수연,ㅋㅋㅋㅋㅋㅋㅋㅋㅋㅋㅋㅋㅋㅋ
뀨영,ㅋㅋㅋㅋㅋㅋㅋㅋㅋㅋㅋㅋㅋㅋㅋㅋㄹㅇ
뀨영,황교수님까지 마주치면
뀨영,어쩌지
이수연,ㅋㅋㅋㅋㅋㅋㅋㅋㅋㅋㅋㅋㅋㅋㅋㅋㅋ
이수연,규영이 선글라스 왜 썼니? 벗지?
이수연,이럴지도
이수연,ㅋㅋㅋㅋㅋㅋㅋㅋ
뀨영,ㅋㅋㅋㅋㅋㅋㅋㅋㅋㅋㅋㅋㅋㅋㅋㅋㅋㅋㅋㅋㅋㅋ
뀨영,아 ㄹㅇ
뀨영,선글라스는
뀨영,생각못했다
뀨영,일주일 회복만 생각했네
이수연,ㅋㅋㅋㅋㅋㅋㅋㅋㅋㅋㅋㅋㅋ
이수연,언제여?
뀨영,아직 모르겠음
뀨영,원랜 담주로 잡으려고했는데
뀨영,망막에 뭐가있어서
뀨영,그거부터 받아야한다고 하심
뀨영,정말.... 눈이 왜이럴까
뀨영,그래서 결론은 아마
뀨영,2월 중 쯤
이수연,ㅋㅋㅋㅋㅋㅋㅋㅋㅋㅋㅋㅋㅋㅋㅋㅋㅋㅋㅋㅋㅋㅋㅋ
이수연,세상에
이수연,림덜 저 내일 병원 좀 들렸다가 갈게요 ^^;....
뀨영,헉 몇시쯤에
뀨영,오시죵
이수연,병원이 9시 부터 여니께룽
이수연,진료 받고 가면 11시 넘지 않을까..?
갱지니,규영인 어디쯤이야??
이수연,규영 자는거 아니지..?
뀨영,아 헐 미친
뀨영,아 아ㅏㅏㅏㅏㅏ아아아ㅏ아ㅏ
이수연,ㅋㅋㅋㅋㅋㅋㅋㅋㅋㅋㅋㅋㅋㅋㅋㅋㅋㅋㅋㅋㅋㅋ
뀨영,정말....정말 죄송합니다......
뀨영,12시쯤에 도착할것같아용......
이수연,ㅋㅋㅋㅋㅋㅋ
이수연,오면서
이수연,먹을거 생각해와...
이수연,한입 도착해서 전화학우^^..
뀨영,아
뀨영,밥부터
이수연,우리 학식당 음식 섭취 금지라
뀨영,먹는건가
뀨영,아 ㄹㅇ?
이수연,무조건 내려가서 먹어야됨
이수연,ㅋㅋㅋㅋㅋㅋ
이수연,포장만됩니다-
뀨영,그럼 학교에서 먹는거?
뀨영,아니면
뀨영,다른 식당가서
뀨영,먹는거???
뀨영,배달도 금지인가
갱지니,배달은 되는데 먹을데가 없어ㅋㅋㅋㅋㅋㅋ
뀨영,앗
뀨영,어제는 어떤거
뀨영,드셨나
이수연,아리랑 컵밥
이수연,~!
뀨영,이건 내가 정하는건 가혹해
뀨영,뭐있는지 기억도 안난다
뀨영,나 지금
뀨영,동대문이얌
뀨영,곧 도착...~~!
이수연,ㅋㅋㅋㅋㅋㅋ
이수연,규영 우리 모모고
뀨영,도착하셨나용
뀨영,저 들어왔습니당
이수연,223.194.133.79
뀨영,223.194.130.67
갱지니,223.194.133.133
이수연,오빠
이수연,오빠
이수연,오빠
이수연,오빠
이수연,오빠
이수연,오빠
이수연,cmd로
이수연,통신하는거
이수연,앎?
이수연,모름?
이수연,앎?
최교수,??
이수연,mqtt
갱지니,mosquitto
이수연,우리 지금
이수연,우리끼리 pc cmd로 통신해보려고 하는데
이수연,자꾸 거부당해
이수연,얘네가 우릴 거부해
최교수,지금 당장은 몰라ㅠㅠ
이수연,으악....
최교수,그거 방화벽 있나??
이수연,셀프는 가능인디
이수연,방화벽은..
이수연,모르겠숴
최교수,나도 그거 다시 공부 해 봐야 해서
최교수,지금은 나도 잘 몰라 ㅠ
이수연,옼..키//
갱지니,파일: mosquitto.conf.txt
뀨영,오 나 
뀨영,했음
이수연,오머야
뀨영,이거 아예 다른 컴퓨터에서도 되는거면
이수연,ㅁㅊ
갱지니,오오오오오옹
뀨영,테스트 해줄사람
뀨영,있나
뀨영,요
이수연,나 곧 집^^...
갱지니,나 지금 노트북 킬게!!
이수연,잘 정리해놔 규영
뀨영,앗 그럼 경진씨와 함께 
뀨영,해보겠습니다 
뀨영,아 근데 이게 
이수연,넌 정말 천재야
이수연,ㅋㅋㅋㅋㅋㅋㅋㅋㅋㅋㅋㅋ
뀨영,뭘 해서 된건지
뀨영,몰라서
뀨영,그게 문제임
최교수,다들 고생하십니다
최교수,자도 열심히 공부해 보겠습니다
이수연,ㅓ?
이수연,ㅋㅋㅋㅋㅋㅋㅋㅋㅋㅋㅋㅋㅋㅋㅋㅋ
이수연,예상치 못한
이수연,ㅋㅋㅋㅋㅋㅋㅋㅋㅋ 오빠...
이수연,릴리즈 부터....
이수연,rg..?
갱지니,노트북 켰는데 나 뭐하면 되..?
뀨영,mosquitto_sub -v -t test -p 1883 -h 192.168.0.7 -u user2 -P 2222
뀨영,이걸로
뀨영,한번
뀨영,해주세용
뀨영,이거 sub 하는사람도 
뀨영,다르게 해야하나 
뀨영,파일: mosquitto.zip
뀨영,이거 .conf 파일인데 한번
뀨영,안되면 이걸로 바꿔서 ㄱㄱ
갱지니,일단 안바꾸고 sub 해놨어!
뀨영,지금 됐ㅇ믐ㅁ?
뀨영,흠
갱지니,ㄴㄴ....
뀨영,어떻게 떠??
갱지니,연결된 구성원으로부터 응답이 없어 연결하지 못했거나, 호스트로부터 응답이 업서...
이수연,악
이수연,..
이수연,conf
뀨영,엇 이럴수가 
이수연,파일 넣고 해보면
이수연,어뗘
뀨영,내 컴퓨터랑 한번
뀨영,해봐야겠네
갱지니,conf 파일 바꾸고 sub 다시 해놨어!
뀨영,아 이거 
뀨영,내거에는 가는데 
뀨영,뭘까
뀨영,일단 내 컴퓨터랑 성공하면
뀨영,다시 와볼게
뀨영,희망 맛봤다 
이수연,ㅋㅋㅋㅋㅋㅋㅋㅋㅋㅋㅋㅋㅋ
이수연,아주
이수연,좋아...
갱지니,ㅋㅋㅋㅋㅋㅋㅋㅋㅋㅋㅋㅋㅋㅋㅋ
이수연,저녁은 먹어가면서 해..
뀨영,ㅋㅋㅋㅋㅋㅋㅋㅋㅋㅋㅋㅋㅋㅋㅋㅋㅋㅋㅋㅋㅋㅋㅋㅋ
뀨영,당근
뀨영,ㅠㅠ~~~~!
이수연,ㅋㅋㅋㅋㅋㅋㅋㅋㅋㅋㅋㅋㅋㅋㅋㅋㅋ
뀨영,오 나 
뀨영,했어
뀨영,근데 이게 좀 아직 
뀨영,머리에 정리가 ㅏㅇㄴ됐어
뀨영,테스트 해줄사람
이수연,오
이수연,킨다
뀨영,근데 이게 내가 
뀨영,받을 사람 ip를 다 
갱지니,나 준비됬어!
뀨영,conf에 입력시켜줘야하는게 좀 
뀨영,문제임
이수연,ㅓ..?
이수연,그거 혹시
이수연,conf 입력하는
뀨영,이게 맞냐
이수연,명령어 없냐^^.......
뀨영,ㅋㅋㅋㅋㅋㅋㅋㅋㅋㅋㅋㅋㅋㅋㅋㅋㅋㅋㅋ
이수연,아니면 txt 만들어서
뀨영,잠시만 추가한게 두개라서 
이수연,읽어오게 한다던지...
뀨영,어떤걸 입력하는건지만
뀨영,해볼게
갱지니,ㅋㅋㅋㅋㅋㅋㅋㅋㅋㅋㅋㅋㅋ
이수연,ㅇㅋㅇㅋ
이수연,아니 사실
이수연,어차피 안드랑 ios 에서
이수연,돌릴거라
이수연,방법 또 다를거임 아마
이수연,ㅋㅋㅋㅋㅋㅋㅋㅋㅋㅋㅋㅋ
뀨영,ㅁㅈ 그게 ㄹㅇ 
뀨영,개빡
뀨영,칠
뀨영,듯
이수연,ㅋㅋㅋㅋㅋㅋㅋㅋㅋㅋㅋㅋㅋㅋㅋㅋㅋㅋㅋ
이수연,일단 이수연 아이피
이수연,192.168.0.4
갱지니,192.168.123.105
뀨영,mosquitto_sub -v -t test -p 1883 -h 219.251.82.68 -u user6 -P 6666
뀨영,이거랑
뀨영,mosquitto_sub -v -t test -p 1883 -h 219.251.82.68 -u user7 -P 7777
이수연,오우야
뀨영,둘중하나로 
뀨영,한번
이수연,6666으로
이수연,접근해봄
뀨영,ㅇㅋㅇㅋ
갱지니,난 7777
뀨영,오
뀨영,떴어
뀨영,아니네
뀨영,내거구나
뀨영,^^;
뀨영,ㅋㅋㅋㅋㅋㅋㅋㅋㅋㅋㅋㅋㅋㅋㅋㅋㅋㅋㅋㅋㅋ
갱지니,ㅋㅋㅋㅋㅋㅋ
뀨영,오
뀨영,7 뜸
뀨영,경지니 
갱지니,오오오오오오오오
뀨영,메시지 가썽?
뀨영,오
뀨영,6도 떴어
갱지니,사진
이수연,오
이수연,대박적
이수연,hello
이수연,왔슴
뀨영,오
이수연,오
뀨영,맞아
이수연,대박적
갱지니,대박
이수연,규영
이수연,정리...
이수연,잘....
뀨영,ㅋㅋㅋㅋㅋㅋㅋㅋㅋㅋㅋㅋㅋㅋㅋㅋㅋㅋㅋㅋㅋㅋㅋㅋㅋㅋㅋㅋㅋㅋㅋㅋㅋㅋㅋㅋㅋㅋㅋㅋㅋㅋㅋㅋㅋㅋㅋ
뀨영,개쌉
뀨영,불가능적
뀨영,밥먹고
이수연,ㅋㅋㅋㅋㅋㅋㅋㅋㅋㅋㅋㅋㅋㅋㅋㅋㅋㅋㅋㅋㅋㅋㅋㅋㅋㅋㅋㅋㅋㅋㅋㅋㅋㅋㅋ
뀨영,정리할게용...
이수연,ㅇㅋㅋ.....
갱지니,ㅋㅋㅋㅋㅋㅋㅋㅋㅋㅋㅋㅋㅋㅋㅋㅋㅋㅋㅋㅋㅋㅋㅋㅋㅋㅋㅋㅋㅋㅋㅋㅋㅋㅋㅋㅋㅋㅋㅋㅋㅋㅋㅋㅋㅋㅋ
이수연,압도적 감사...
뀨영,오늘 그래도 
뀨영,진전은 있네요....
뀨영,오늘 한 일도 
뀨영,회의록으로 
뀨영,남기는거?? 
뀨영,이거 그러면
뀨영,한글파일로 
뀨영,정리한당
이수연,얍얍
이수연,일단 그
이수연,링크들도 있으면
이수연,다 모아주세욤
뀨영,아 ㅇㅋㅇㅋ
이수연,나중에 홈페짜고
이수연,별거별거 다 올리라고 할 거 같아서리
뀨영,그럼 오늘 한거 걍 
뀨영,정리하는느낌으로 
뀨영,별거별거 다 
뀨영,써볼게용
뀨영,파일: 졸작-210129.hwp
뀨영,흠
뀨영,파일: 졸작-210129.hwp
뀨영,이걸로할게요 
뀨영,최종최종 최최종~
이수연,ㅋㅋㅋㅋㅋㅋㅋㅋㅋㅋㅋㅋㅋㅋㅋㅋㅋㅋ
이수연,ㅇㅋ~
이수연,오 짱 깔꼼~
뀨영,헉 
뀨영,다행
이수연,아주 좋아요~
이수연,고생했듬~!
뀨영,이모티콘
갱지니,이모티콘
갱지니,규영이 수고했옹!!
뀨영,오늘 그래도 뭔가 
뀨영,진전은 있는느낌~
뀨영,아 수연씨~~
뀨영,밥값
뀨영,어디로 보낼까용
뀨영,얼마인지도 알려주면
뀨영,감사
이수연,ㅏㅏㅏㅏ
이수연,80460104182732 국민
7000 임다
갱지니,보내슴다!
이수연,받았숨다
뀨영,저두영
이수연,야브야브 받았숨다
이수연,다덜 감삼당
이수연,(찡긋
이수연,눈 많이 안올쥴알고
이수연,그냥 나왔는데
이수연,은근 맘ㅎ이 오는데..?
이수연,ㅋㅋㅋㅋㅋㅋㅋㅋㅋㅋㅋㅋㅋㅋㅋㅋㅋㅋ
뀨영,아 ㄹㅇ?
뀨영,큰일남ㅅ네
뀨영,내가 늦은게 더
뀨영,큰일난듯
이수연,ㅋㅋㅋㅋㅋㅋㅋㅋㅋㅋㅋㅋㅋㅋㅋㅋㅋㅋㅋㅋㅋㅋ
뀨영,10분에...도착할것같습니다..........
이수연,난 동역사~
이수연,ㅇㅋ~
뀨영,깜빡한게
뀨영,내가 일어날수있는 알람음이
뀨영,딱 정해져있는데
이수연,앜
뀨영,그걸 설정을 안했어
이수연,ㅋㅋㅋㅋㅋㅋㅋㅋㅋ 그럴때 있지
이수연,평소 패턴이랑...달라지면...
뀨영,왜 오늘도 안울리나했음
이수연,주의해야한다....
이수연,성신~
뀨영,....왕십리~!
이수연,ㅋㅋㅋㅋㅋㅋㅋ 천천히 오셈
이수연,경진이는 ㅇㄷ?
뀨영,헉 이거....
뀨영,설마 한명씩 돌아가면서.....?
이수연,ㅏ..?
이수연,절대 안도9지
이수연,아까 눈온다는거는읽었는디
갱지니,나 미아 출발!
이수연,옼옼
뀨영,역시
이수연,ㅋㅋㅋㅋㅋㅋㅋㅋㅋㅋㅋㅋㅋㅋㅋㅋㅋㅋㅋ
이수연,혹시 몰라서 현금 뽑긴했는데
이수연,쓰려나..?
뀨영,음.... 3만원이상부터
뀨영,포인트적립가능하다고
뀨영,써있긴한
이수연,으흠흠
이수연,혹시모르니까
이수연,해놓는게 좋겠지..?
갱지니,어디로 가면되??
이수연,모임!
이수연,예약금건게 아니라 노쇼 처리 될 수도 있어서
이수연,가는중
뀨영,ㅇ ㅏ 맞네
이수연,일단 우린 들어왔숨
뀨영,올라가는중
이수연,사진
이수연,파일: 황새-제안서.pdf
이수연,파일: 떡잎방범대 제안서(최종).docx
이수연,다덜 조심히 가세뇨~
갱지니,조심히 가세용~~
갱지니,수연씌 밥값 알려주세욤
갱지니,약값도!!
이수연,약 3000원~
이수연,스터디룸 인당 10,500~
이수연,사진
이수연,음식은 각자~
갱지니,보냈엉!!
이수연,바닫숨~!
뀨영,헷갈려서 그러는디
뀨영,콜라가
뀨영,저 혼자인가요 반띵인가요....?
이수연,ㅓ ㅜ ㅓ
이수연,갱지니한테
뀨영,이모티콘
이수연,물어보기-☆
이수연,ㅋㅋㅋㅋㅋㅋㅋㅋㅋㅋㅋㅋㅋㅋㅋㅋㅋㅋ
뀨영,우리가 같이먹는걸로 시켰었나
이수연,ㅓ..........
이수연,일단 난 나혼자 먹었어....
이수연,ㅋㅋㅋㅋㅋㅋㅋㅋㅋㅋㅋㅋㅋㅋㅋㅋ
갱지니,반띵합시다ㅋㅋㅋㅋㅋㅋㅋ
뀨영,나도...거의...나만 빨아먹은거같은데.......
이수연,ㅋㅋㅋㅋㅋㅋㅋㅋㅋㅋㅋㅋㅋㅋ
갱지니,나 은근 콜라 많이 먹었거든.....ㅋㅋㅋㅋㅋㅋ
이수연,원만한 합의점
뀨영,앗
이수연,찾으시길 바랍니다^0^
뀨영,오케이
이수연,ㅋㅋㅋㅋㅋㅋㅋㅋㅋㅋㅋㅋㅋㅋ
뀨영,ㄹㅇ
뀨영,기억이안나
이수연,ㅋㅋㅋzzzzzzzzzzzz 반긔
뀨영,아니면 내가 시키고
뀨영,경진이한테먹으라고했었나
뀨영,엄청난 고민
이수연,ㅋㅋㅋㅋㅋㅋㅋㅋ 일단
이수연,내 기억상으론
이수연,규영이 뭐마실래? -> 난 콜라~
뀨영,ㅁㅈ 딱
뀨영,거기까지
이수연,하고 갱진이가 뺏먹
이수연,정도..?
뀨영,앗 그럼
이수연,ㅋㅋㅋㅋㅋㅋㅋㅋㅋㅋㅋㅋㅋㅋㅋ
뀨영,내가 낼게
뀨영,경진씨 넣어둬~~
이수연,ㅋㅋㅋㅋㅋㅋㅋㅋ
이수연,너어도~
갱지니,앗ㅋㅋㅋㅋㅋㅋㅋㅋㅋ
갱지니,다음엔 내가 살게ㅋㅋㅋㅋㅋㅋ
이수연,협의점~
뀨영,보냈습니당~~~
이수연,받았숩니당~~ 다덜 오늘도 빠른 입금 감사드려요~~^^
뀨영,오늘 결제하시느라 수고하셨어용~~~~
뀨영,이모티콘
이수연,냐하~~
이수연,그리그 각자 오늘 한 거 올려주시면~~ 정리해서 교수님 톡방에다~ 올리겠습니다~!
갱지니,열심히 기억해볼게....!
이수연,엌...~케~!
뀨영,파일: 졸작-210130.hwp
뀨영,좀 더.... 
뀨영,깔끔하게 해올까 
뀨영,ㄹㅇ 
뀨영,내 의식의 흐름이라
뀨영,다듬어야해
뀨영,파일: 졸작-210130.hwp
뀨영,정말 조금 다듬었지만
뀨영,다시 제출할게용.......
이수연,ㅋㅋㅋㅋㅋㅋㅋㅋ
이수연,가..간략하게
이수연,해도 돼...
이수연,일단 내가 상당히 짧아^0^
갱지니,파일: 210130 정리.hwp
이수연,아주
이수연,조아욤
이수연,파일: 210130 모임.hwp
이수연,확인 부탁드려욤~
갱지니,굳굳
뀨영,좋아용
이수연,그롬 이대로
이수연,갑니다~
뀨영,네~~~
갱지니,넹~~
이수연,내일
이수연,10시
이수연,나오는사람^~^
뀨영,저요~~~~
이수연,경진이랑 나도 나오구~~~
이수연,오빠는 근론가?
이수연,근데 우리 제안서 써야되는디 오빠 빼고 쓸 수 있나
최교수,내일 근로 목요일로 바꿔 볼게
이수연,oh oh
이수연,좋~아요~!
이수연,이수연 지각 제송함다...ㅋㅋㅋㅋ.ㅋ.ㅋ...
뀨영,많이 늦으시나용~~~
뀨영,나도 5n분대에 한입도착할것같음....
이수연,학교 올라가면 10시 30일거 같은
이수연,느낌적인 늒힘
뀨영,저에 비하면...
뀨영,귀여운 지각
이수연,ㅋㅋㅋㅋㅋㅋㅋㅋㅋㅋㅋㅋㅋㅋㅋㅋㅋㅋㅋㅋㅋㅋㅋㅋㅋ 먼뎈ㅋㅋㅋㅋㅋㅋㅋㅋㅋ
이수연,먼저 도착하는 사람
이수연,동방 문 열 수 있는지
이수연,화긴부탁드림니다
최교수,님들아 혹시 저 오전만 근로 하로 오후부터 참여 가능 할까여? 가서 해야 할게 있어서요ㅠㅠ
이수연,오전중에 끝내실 수 있나욤..?
최교수,최대한 끝내보려고
최교수,하는데 혹시 가능 할까요??
이수연,일단 난 ㅇㅋ
이수연,앱 거의 끝났슴???
갱지니,나도 ㅇㅋ
뀨영,ㅇㅋ 하면되는건가여
뀨영,경진이 학교?
갱지니,가는길!!
갱지니,길음입니당
뀨영,일단 그럼 상상파크로
뀨영,가겠습니다
뀨영,전 동방을 누가 열어쥬는지도...모르기때문에
뀨영,이모티콘
이수연,엌ㅋㅋㅋㅋㅋ
이수연,옼께~
갱지니,규영이 학교야??
뀨영,나
뀨영,버스~~~~
뀨영,설마 경진씨두????
뀨영,두근
갱지니,타면서 규영이 봤엉
갱지니,ㅋㅋㅋㅋㅋㅋㅋㅋㅋ
이수연,두근 뭐냐궄ㅋㅋㅋㅋㅋㅋㅋㅋㅋㅋㅋㅋㅋㅋ
뀨영,좋아~~~~
갱지니,동방으로 오세염~~
이수연,앗싸~!!
이수연,오늘은 배달먹자....
갱지니,조아조아
갱지니,파일: 캡스톤 디자인 제안서.hwp
이수연,MQTT 프로토콜과 딥러닝을 사용한 감정 분석 텍스트 지원 그룹 회의 앱
이수연,ㅇㄸ
이수연,MQTT 프로토콜과 딥러닝을 사용한 감정 이모티콘, 텍스트 지원 그룹 통화 앱
최교수,난 좋은것 같아
이수연,이게 더 나은가 위에 보다?
이수연,MQTT 프로토콜과 딥러닝을 사용한 실시간 감정 분석 및 텍스트 지원 그룹 통화 앱
이수연,ㅇㄸ
이수연,사진
최교수,밑에가 좀더 직관적이고 좋은것 같은데 이것보다 더 길어지면 안될것 같아
이수연,옼키키
이수연,그럼 저거 탕탕
이수연,최근 코로나로 인해 사람들간의 모임이 주로 언택트로 이루어지면서 각종 회의, 통화 프로그램들의 성능이 중요해지고 있다. / 서로 얼굴을 맞대고 대화하는게 아니기 때문에 상대방의 기분을 파악하기 어려워졌고 여러 사람이 모여 통화하는 만큼 말이 겹치거나 순간적인 네트워크 불안정으로 인해 말을 놓치는 경우가 있다. 이를 보완하기 위해 상대방이 한 말을 텍스트로 변환하여 채팅 형식으로 누가 어떤 말을 했는지를 보이고 동시에 그 말을 했을 당시의 감정을 분석하여 시각화해주는 어플을 만들고자 한다.
뀨영,음성 인식을 통해 감정을 분석해주는 기능을 API로 제작한다. 따라서 고객 센터와 같이 음성을 통한 감정 분석이 필요한 다양한 분야에 활용할 수 있다.
이수연,각자
이수연,구글 드라이브 공유 받을
이수연,이메일
이수연,쓰세요
최교수,chlwlgh1000@gmail.com
갱지니,mkj4733@gmail.com
이수연,배경, 목표, 구조, 관련 기술, 개발도구
이수연,최근 코로나로 인해 사람들간의 모임이 주로 비대면으로 이루어지면서 각종 회의, 통화 프로그램들의 기능, 성능이 중요해지고 있다. / 서로 얼굴을 맞대고 대화하는게 아니기 때문에 상대방의 기분을 빠르게 파악하기 어려워졌고
이수연,이거 / 앞뒤로 연결하는 말 필요하구
이수연,프로그램들의 기능, 성능
이수연,이부분도 좀 맘에 안들어서
이수연,다듬어야 됨
이수연,최근 코로나로 인해 사람들간의 모임이 주로 비대면으로 이루어지면서 각종 회의, 통화 프로그램들의 기능, 성능이 중요해지고 있다. / 서로 얼굴을 맞대고 대화하는게 아니기 때문에 상대방의 기분을 빠르게 파악하기 어려워졌고 여러 사람이 모여 통화하는 만큼 말이 겹치거나 순간적인 네트워크 불안정으로 인해 말을 놓치는 경우가 있다. 이를 보완하기 위해 상대방이 한 말을 텍스트로 변환하여 채팅 형식으로 누가 어떤 말을 했는지를 보이고 동시에 그 말을 했을 당시의 감정을 분석하여 시각화해주는 어플을 만들고자 한다. 이때 음성 인식을 통해 감정을 분석해주는 기능은 API로 제작하여 고객 센터와 같이 음성을 통한 감정 분석이 필요한 다양한 분야에 활용할 수 있게 만들고자 한다.
이수연,현재 작성된건 이상태
최교수,1.기본적으로 시그널 프로세스형식으로 만들는 것을 추천해 줌
최교수,swift5, java, spring, tomcat, firebase, mqtt 
최교수,xcode, android studio, eclipse, firebase
이수연,사진
뀨영,사진
뀨영,사진
뀨영,사진
뀨영,사진
뀨영,사진
뀨영,사진
이수연,Moim
이수연,성신
이수연,https://www.spacecloud.kr/space/12304?type=search
뀨영,사진
뀨영,사진
뀨영,사진
이수연,사진
뀨영,사진
뀨영,사진
뀨영,사진
뀨영,사진
이수연,https://rekt77.tistory.com/104?category=825845
이수연,파일: MqttTest.7z
이수연,파일: MqttTest.zip
최교수,파일: 6주차 웹서버.pptx
최교수,파일: 7주차 MQTT.pptx
최교수,http://learn.hansung.ac.kr/mod/vod/view.php?id=219262
갱지니,사진
갱지니,사진
이수연,오늘은 다이소에서 동방 물품 구입하고 올라감니다~
이수연,10시 한입 or 10시 20분 동방
이수연,알아서~!
뀨영,넹~~~
이수연,저렇게 보내놓고 버그 카드 두고와서 집 다시갔다온 내 인생..
뀨영,앗
뀨영,동방으로 올라갈게용
뀨영,~~~~~
뀨영,수연 그럼 좀
뀨영,늦음??
이수연,아마..?
이수연,이제 동댐임~^^~
뀨영,아 생각보단 빠르네
이수연,ㅋㅋㅋㅋㅋㅋㅋㅋㅋㅋㅋㅋㅋㅋㅋㅋㅋㅋㅋㅋㅋ
뀨영,경진이도
뀨영,다이소?
이수연,야쓰~!
뀨영,저 그러면   ....
갱지니,넴넴
뀨영,좀 자고있을게용
뀨영,히히
이수연,ㅋㅋㅋㅋㅋㅋㅋㅋㅋㅋㅋㅋㅋㅋㅋㅋㅋㅋㅋ
이수연,엌케~
이수연,히터 틀어놔주세요므~
뀨영,예히~~~
갱지니,사진
갱지니,http://cse.hansung.ac.kr/viewNews/119
뀨영,파일: 발화음성을기반으로한감정분석시스템.pdf
뀨영,사진
이수연,파일: 8장_상속.pptx
이수연,파일: 기계학습을 활용한 음성인식 감정분석 프로그램 개발.pdf
이수연,다덜 드라이브에 올라가 있는 제안서 확인 부탁드립니다^^
갱지니,확인했슴당
뀨영,저두 확인~~
최교수,혹시 다들 어디신가요??
이수연,설역이욤
이수연,오빠 드라이브 확인하셨숨?
최교수,바로 확인 하겠습니다
갱지니,혜화 도착!
뀨영,저는
뀨영,동역사~~
이수연,오널도 제일 늦게꾼
이수연,4호선 안와~!
이수연,열정공장가계시면
뀨영,ㅋㅋㅋㅋㅋㅋㅋㅋ나도 4호선 기다리는중...
이수연,될듯하므~
이수연,제 이름으로 예약되어있을거예욤
갱지니,넴넴
뀨영,오케이
이수연,https://github.com/pingkka/MEET.git
이수연,android
뀨영,https://wikidocs.net/92961
이수연,https://github.com/pingkka/MEET-ios.git
이수연,ios
최교수,모야
최교수,ㅋㅋㅋ
최교수,나 여기 톡방인줄 알고
최교수,대답했네
이수연,ㅋㅋㅋㅋㅋㅋㅋㅋㅋㅋㅋㅋㅋㅋㅋㅋㅋㅋㅋㅋㅋㅋㅋㅋㅋㅋ
이수연,개우껴
이수연,ㅋㅋㅋㅋㅋㅋㅋㅋㅋㅋㅋㅋㅋㅋㅋㅋㅋㅋㅋㅋㅋㅋㅋㅋㅋㅋㅋㅋㅋㅋㅋㅋㅋㅋㅋㅋㅋㅋㅋㅋㅋㅋㅋㅋㅋㅋㅋㅋ
이수연,그러니까
이수연,잘 봤어야지..
이수연,지호교수님..
이수연,ㅋㅋㅋㅋㅋㅋㅋㅋㅋㅋㅋㅋㅋㅋㅋㅋㅋㅋㅋㅋ
이수연,최교수님..
이수연,ㅋㅋㅋㅋㅋㅋㅋㅋㅋㅋㅋ
이수연,http://192.168.0.13:8080/bye
최교수,http://spectrumdig.blogspot.com/2016/02/mqtt-subscribe-wildcard.html
이수연,https://losskatsu.github.io/programming/py-flask01/#2-%ED%97%AC%EC%8A%A4%EC%B2%B4%ED%81%AChealth-check-%EC%97%94%EB%93%9C%ED%8F%AC%EC%9D%B8%ED%8A%B8-%EA%B5%AC%ED%98%84
이수연,https://gosmcom.tistory.com/130
이수연,http://192.168.0.13:8080/name?name=넣고싶은문자열&id=넣고싶은문자열
뀨영,pip install git+https://github.com/haven-jeon/PyKoSpacing.git
뀨영,pip install customized_konlpy
뀨영,https://ellun.tistory.com/46
뀨영,https://github.com/ReviewSentimentAnalysisWebService/sentiment-analyzer
이수연,우리 그래서 토요일이야 일요일이야??
뀨영,토요일 되면 토요일 가능할까용
뀨영,~~
이수연,되도록 4명 다 모일 수 있었으면 좋겠눈디
갱지니,난 둘다 가능!
최교수,넵 저 가능합니다
최교수,토요일!
이수연,ㅇㅋㅇㅋ
이수연,이번에는
이수연,오빠가 룰렛 돌려서
이수연,결과 알려주셔
최교수,지금 돌려?? 아님 만나서 돌려?
뀨영,만나서?
이수연,ㅇㅋㅇㅋ
이수연,저.....정형외과좀....
이수연,들렸다가 갈게욤^~~^
최교수,저 근로 오전만 하고 12시 까지 가겠습니다!
뀨영,ㅇㅋㅇㅋ
뀨영,경진 학교 도착함?
갱지니,응응
갱지니,방금 문열었어
뀨영,저는 지금 한입...~~~
이수연,엑스레이 찍은지
이수연,30분째
이수연,아직도 사진 확인 못했다
이수연,어떻게 생각하나...다덜^^...
갱지니,ㅋㅋㅋㅋㅋㅋㅋㅋㅋㅋㅋㅋ
뀨영,몇시쯤에
뀨영,오시나용
갱지니,다들 점심은 뭐 드실래여
이수연,으음
이수연,이제 2차 진료
이수연,들어와쑴
이수연,12시 전엔 도착할듯?
뀨영,ㅇㅋㅇㅋ
최교수,나 여기서 아직 할거 남아서
최교수,점심은 따로 먹을게
이수연,야브
이수연,2.1 기계학습(machine-learning)
기계학습의 핵심은 분류를 통한 예측이다. 수많은
데이터들 사이에서 패턴을 발견하여 그 패턴을 기반으
로 결과 값을 예측하는 것이다. 기계학습에는 두 가지
의 분별 방식이 있는데, 지도 학습과 비지도 학습으로
나뉜다.
첫째, 지도 학습은 데이터 값을 주면서 정해진 정답
을 컴퓨터에게 미리 알려주고 컴퓨터가 정답을 토대로
학습을 하는 방법이다. 이 학습법은 정확하게 학습할
수 있는 장점이 있지만, 데이터의 양이 많아야 한다는
단점이 있다.
둘째, 비지도 학습은 정답을 알려주지 않고 주어진
한성대학교 | IP:223.194.***.131 | Accessed 2021/02/05 16:21(KST)
2018년 한국컴퓨터교육학회 하계 학술발표논문지 제22권 제2호
- 72 -
데이터들을 통해 컴퓨터가 스스로 질문과 관찰을 통해
학습하고 정답을 찾아내는 방법이다. 이 학습법은 방
대한 데이터를 학습할 수 있지만, 올바르게 데이터를
분류하고 학습했는지에 대한 파악이 어렵다는 단점이
있다[4]
본 연구에서는 데이터 셋이 갖추어지지 않은 상태이
기 때문에 지도 학습을 선택하였다. 또한 기계학습은
사람의 신경망처럼 인공 신경망을 만들어 데이터의 결
과 값을 예측하기 때문에 데이터의 양이 중요하다. [그
림 1]과 같이 데이터의 양이 많으면 많을수록 분별할
기준이 많아지기 때문에 정확도가 향상되는 걸 볼 수
있다.
이수연,BUGinHS@gmail.com
qjrm2021!
갱지니,https://m.place.naver.com/place/1617560885/home?entry=pll
갱지니,역근처에서 예약 가능한 곳인데 어때??
갱지니,가격은 1시간당 8000원(인당 2000원)!
이수연,알게쏘^0^
이수연,다덜 오케하면 예약할겜
뀨영,좋습니다~~~~
이수연,오빠는
이수연,어디감?
최교수,나도 좋습니다!
이수연,그럼 예약한담
뀨영,넹~~
갱지니,넴~~
최교수,넵!
이수연,사진
이수연,맞지?
최교수,넵
갱지니,맞습니당
이수연,사진
이수연,했숨
갱지니,조아욤
이수연,엔빵해서
이수연,돈 주시면댐당
갱지니,보냈슴당!!
이수연,어
이수연,음
이수연,안왔슴당?
이수연,아 왔다
이수연,알람이 안뜬거였어
갱지니,순간 찐으로 당황햇다...
갱지니,다른사람한테 보낸줄알고
갱지니,ㅋㅋㅋㅋㅋㅋㅋㅋ
이수연,ㅋㅋㅋㅋㅋㅋㅋㅋ
뀨영,앗
뀨영,은행 점검시간~
이수연,엌케~
이수연,규영ㅋㅋㅋㅋㅋㅋㅋㅋㅋ
이수연,너 진짜
이수연,그대로 컸구나..?
이수연,공주님이네
뀨영,보냈습니당~~~
뀨영,ㄹㅇ 
뀨영,유치원때 
뀨영,공주병 오짐 
최교수,ㅋㅋㅋ 유치원때가 기억나??
뀨영,당근 x
뀨영,하지만 사진들 보면 다 
뀨영,원피스만 입고있음
최교수,ㅋㅋㅋㅋㅋ 나도 어릴땐 귀여웠는데...(흑흑)
이수연,ㅋㅋㅋㅋㅋㅋㅋㅋㅋㅋㅋㅋㅋㅋㅋㅋㅋㅋㅋㅋㅋㅋㅋㅋ
이수연,유치원 국룰
이수연,원피스 아니였냐며
뀨영,ㅋㅋㅋㅋㅋㅋㅋㅋㅋ맞지맞지~~~
뀨영,저.... 30분은 늦을 것 같습니다....
이수연,사진
최교수,저도 조금 늦을것 같습니다ㅠㅠ
이수연,ㅋㅋㅋㅋㅋㅋㅋㅋㅋㅋㅋㅋㅋㅋ
갱지니,전 도착했습니당!
이수연,배고파...
이수연,규영이 웨안와..?
뀨영,나 지금
뀨영,내렸어
이수연,엌케이
뀨영,이거 정말
뀨영,슬픈 스토리
이수연,ㅋㅋㅋㅋㅋㅋㅋㅋㅋㅋㅋㅋㅋㅋㅋ
이수연,와서 썰풀어줘
뀨영,지금 올라가는중...~~
이수연,103 임니다